Name,Date1,Date2,Platform,Mode,Orbit,RelativeOrbit,PolyFrame,OrbitDirection,ProcessingLevel,Polarisation1,Polarisation2,Polarisation3,Polarisation4,Server,Url,Status,SizeMB,Stored,Processed
S1A_IW_SLC__1SDV_20220506T145307_20220506T145335_043091_052551_7AE9.zip,2022-05-06T14:53:07.277Z,2022-05-06T14:53:35.163Z,S1A,IW,43091,144,"POLYGON ((53.656628 -21.291651, 54.086018 -22.967934, 56.498253 -22.398155, 56.039124 -20.73082, 53.656628 -21.291651))",ASCENDING,SLC,VV,VH,,,Copernicus,https://catalogue.dataspace.copernicus.eu/download/6d4d9a92-769f-5d4a-8606-94eb5e138def,ONLINE,0.0,False,False
S1A_IW_SLC__1SDV_20220424T145307_20220424T145334_042916_051F8A_A502.zip,2022-04-24T14:53:07.100Z,2022-04-24T14:53:34.987Z,S1A,IW,42916,144,"POLYGON ((53.654499 -21.291836, 54.083916 -22.968239, 56.496185 -22.39846, 56.037025 -20.731005, 53.654499 -21.291836))",ASCENDING,SLC,VV,VH,,,Copernicus,https://catalogue.dataspace.copernicus.eu/download/353ae452-c2a0-576e-90d8-b00663b049a5,ONLINE,0.0,False,False
S1A_IW_SLC__1SDV_20220412T145306_20220412T145334_042741_0519B8_925E.zip,2022-04-12T14:53:06.220Z,2022-04-12T14:53:34.103Z,S1A,IW,42741,144,"POLYGON ((53.655212 -21.292917, 54.084541 -22.969069, 56.496941 -22.3993, 56.037872 -20.732092, 53.655212 -21.292917))",ASCENDING,SLC,VV,VH,,,Copernicus,https://catalogue.dataspace.copernicus.eu/download/732259c2-494f-5134-9c39-9928daa2d4c9,ONLINE,0.0,False,False
S1A_IW_SLC__1SDV_20220331T145305_20220331T145333_042566_0513D6_7285.zip,2022-03-31T14:53:05.968Z,2022-03-31T14:53:33.855Z,S1A,IW,42566,144,"POLYGON ((53.654209 -21.292057, 54.083591 -22.968456, 56.496017 -22.398699, 56.036896 -20.731245, 53.654209 -21.292057))",ASCENDING,SLC,VV,VH,,,Copernicus,https://catalogue.dataspace.copernicus.eu/download/a07809cf-4dcb-5e7d-8fca-cac27e7208a8,ONLINE,0.0,False,False
S1A_IW_SLC__1SDV_20220319T145305_20220319T145333_042391_050DE9_1B45.zip,2022-03-19T14:53:05.800Z,2022-03-19T14:53:33.681Z,S1A,IW,42391,144,"POLYGON ((53.654175 -21.293095, 54.083492 -22.96912, 56.49588 -22.399351, 56.036831 -20.732267, 53.654175 -21.293095))",ASCENDING,SLC,VV,VH,,,Copernicus,https://catalogue.dataspace.copernicus.eu/download/ec919302-d4f7-5cb9-8bb3-219aa9905845,ONLINE,0.0,False,False
S1A_IW_SLC__1SDV_20220307T145305_20220307T145333_042216_0507FA_299A.zip,2022-03-07T14:53:05.634Z,2022-03-07T14:53:33.516Z,S1A,IW,42216,144,"POLYGON ((53.654926 -21.292032, 54.084278 -22.968058, 56.496563 -22.39827, 56.037487 -20.731188, 53.654926 -21.292032))",ASCENDING,SLC,VV,VH,,,Copernicus,https://catalogue.dataspace.copernicus.eu/download/596626d0-d05b-59eb-92ba-eb3acd8aa07b,ONLINE,0.0,False,False
S1A_IW_SLC__1SDV_20220223T145305_20220223T145333_042041_05020B_BADE.zip,2022-02-23T14:53:05.830Z,2022-02-23T14:53:33.721Z,S1A,IW,42041,144,"POLYGON ((53.654953 -21.291512, 54.08448 -22.968163, 56.496605 -22.398401, 56.037346 -20.730696, 53.654953 -21.291512))",ASCENDING,SLC,VV,VH,,,Copernicus,https://catalogue.dataspace.copernicus.eu/download/99788fc0-a961-524a-8fa5-66e0f8dc6b26,ONLINE,0.0,False,False
S1A_IW_SLC__1SDV_20220211T145305_20220211T145333_041866_04FBEB_0310.zip,2022-02-11T14:53:05.933Z,2022-02-11T14:53:33.817Z,S1A,IW,41866,144,"POLYGON ((53.655411 -21.292044, 54.084805 -22.968201, 56.496933 -22.398455, 56.037815 -20.731239, 53.655411 -21.292044))",ASCENDING,SLC,VV,VH,,,Copernicus,https://catalogue.dataspace.copernicus.eu/download/5c227605-91e7-5c45-a1e6-a50e1a9abd25,ONLINE,0.0,False,False
S1A_IW_SLC__1SDV_20220130T145306_20220130T145333_041691_04F5E2_D28C.zip,2022-01-30T14:53:06.073Z,2022-01-30T14:53:33.962Z,S1A,IW,41691,144,"POLYGON ((53.655602 -21.291559, 54.085064 -22.9681, 56.497055 -22.398439, 56.037872 -20.730839, 53.655602 -21.291559))",ASCENDING,SLC,VV,VH,,,Copernicus,https://catalogue.dataspace.copernicus.eu/download/f67e45d7-9a86-5cf2-b6ae-2a5bf4d78561,ONLINE,0.0,False,False
S1A_IW_SLC__1SDV_20220118T145306_20220118T145334_041516_04EFED_C586.zip,2022-01-18T14:53:06.516Z,2022-01-18T14:53:34.408Z,S1A,IW,41516,144,"POLYGON ((53.655819 -21.292294, 54.085327 -22.968956, 56.497349 -22.399275, 56.038116 -20.731556, 53.655819 -21.292294))",ASCENDING,SLC,VV,VH,,,Copernicus,https://catalogue.dataspace.copernicus.eu/download/fb7feced-00ba-553b-97a3-631415adb455,ONLINE,0.0,False,False
S1A_IW_SLC__1SDV_20220106T145307_20220106T145334_041341_04EA31_E1BB.zip,2022-01-06T14:53:07.068Z,2022-01-06T14:53:34.964Z,S1A,IW,41341,144,"POLYGON ((53.65535 -21.291576, 56.037651 -20.730808, 56.496967 -22.398769, 54.084938 -22.968481, 53.65535 -21.291576))",ASCENDING,SLC,VV,VH,,,Copernicus,https://catalogue.dataspace.copernicus.eu/download/ca5dc2e8-84a2-590b-8190-e114c7e65f4a,ONLINE,0.0,False,False
S1A_IW_SLC__1SDV_20211225T145307_20211225T145335_041166_04E43F_AD1B.zip,2021-12-25T14:53:07.661Z,2021-12-25T14:53:35.551Z,S1A,IW,41166,144,"POLYGON ((53.655739 -21.291256, 56.038013 -20.730474, 56.497242 -22.398064, 54.085247 -22.967789, 53.655739 -21.291256))",ASCENDING,SLC,VV,VH,,,Copernicus,https://catalogue.dataspace.copernicus.eu/download/5d30c7e9-5c3d-5dcd-9b57-62c670cb055c,ONLINE,0.0,False,False
S1A_IW_SLC__1SDV_20211213T145308_20211213T145336_040991_04DE74_1A59.zip,2021-12-13T14:53:08.391Z,2021-12-13T14:53:36.275Z,S1A,IW,40991,144,"POLYGON ((54.084656 -22.966635, 56.496605 -22.396927, 56.037491 -20.729706, 53.655251 -21.290474, 54.084656 -22.966635))",ASCENDING,SLC,VV,VH,,,Copernicus,https://catalogue.dataspace.copernicus.eu/download/cfc9fbf4-c055-5a3f-98f8-9a3a541bf85e,ONLINE,0.0,False,False
S1A_IW_SLC__1SDV_20211201T145308_20211201T145336_040816_04D873_423A.zip,2021-12-01T14:53:08.788Z,2021-12-01T14:53:36.669Z,S1A,IW,40816,144,"POLYGON ((54.084663 -22.967142, 56.496666 -22.397474, 56.037617 -20.730368, 53.655327 -21.291098, 54.084663 -22.967142))",ASCENDING,SLC,VV,VH,,,Copernicus,https://catalogue.dataspace.copernicus.eu/download/f278448b-a1a4-57b0-a1af-af2d1eb3ae0a,ONLINE,0.0,False,False
S1A_IW_SLC__1SDV_20211119T145309_20211119T145337_040641_04D253_F01B.zip,2021-11-19T14:53:09.399Z,2021-11-19T14:53:37.287Z,S1A,IW,40641,144,"POLYGON ((54.083801 -22.967194, 56.495853 -22.397524, 56.036716 -20.730049, 53.654381 -21.290779, 54.083801 -22.967194))",ASCENDING,SLC,VV,VH,,,Copernicus,https://catalogue.dataspace.copernicus.eu/download/9d46f711-635c-5d93-9a25-bc0447689693,ONLINE,0.0,False,False
S1A_IW_SLC__1SDV_20211119T145309_20211119T145337_040641_04D253_5B77.zip,2021-11-19T14:53:09.399Z,2021-11-19T14:53:37.287Z,S1A,IW,40641,144,"POLYGON ((54.083801 -22.967194, 56.495853 -22.397524, 56.036716 -20.730049, 53.654381 -21.290779, 54.083801 -22.967194))",ASCENDING,SLC,VV,VH,,,Copernicus,https://catalogue.dataspace.copernicus.eu/download/46bb09be-9b63-562e-a9f0-63e892d7b634,ONLINE,0.0,False,False
S1A_IW_SLC__1SDV_20211119T145309_20211119T145337_040641_04D253_6BBC.zip,2021-11-19T14:53:09.399Z,2021-11-19T14:53:37.287Z,S1A,IW,40641,144,"POLYGON ((54.083801 -22.967194, 56.495853 -22.397524, 56.036716 -20.730049, 53.654381 -21.290779, 54.083801 -22.967194))",ASCENDING,SLC,VV,VH,,,Copernicus,https://catalogue.dataspace.copernicus.eu/download/231f2822-2be2-54e1-9de2-ec6810433960,ONLINE,0.0,False,False
S1A_IW_SLC__1SDV_20211119T145309_20211119T145337_040641_04D253_DE10.zip,2021-11-19T14:53:09.399Z,2021-11-19T14:53:37.287Z,S1A,IW,40641,144,"POLYGON ((54.083801 -22.967194, 56.495853 -22.397524, 56.036716 -20.730049, 53.654381 -21.290779, 54.083801 -22.967194))",ASCENDING,SLC,VV,VH,,,Copernicus,https://catalogue.dataspace.copernicus.eu/download/7b49fda0-f613-58fc-8119-493987f2b4b1,ONLINE,0.0,False,False
S1A_IW_SLC__1SDV_20211119T145309_20211119T145337_040641_04D253_C69A.zip,2021-11-19T14:53:09.399Z,2021-11-19T14:53:37.287Z,S1A,IW,40641,144,"POLYGON ((54.083801 -22.967194, 56.495853 -22.397524, 56.036716 -20.730049, 53.654381 -21.290779, 54.083801 -22.967194))",ASCENDING,SLC,VV,VH,,,Copernicus,https://catalogue.dataspace.copernicus.eu/download/708b756f-d826-5139-9859-076de823c408,ONLINE,0.0,False,False
S1A_IW_SLC__1SDV_20211107T145309_20211107T145337_040466_04CC4F_B6AF.zip,2021-11-07T14:53:09.516Z,2021-11-07T14:53:37.403Z,S1A,IW,40466,144,"POLYGON ((54.084393 -22.967119, 56.496456 -22.397409, 56.037292 -20.729942, 53.654953 -21.29071, 54.084393 -22.967119))",ASCENDING,SLC,VV,VH,,,Copernicus,https://catalogue.dataspace.copernicus.eu/download/a3d7af99-13d8-5eb9-99d5-a6e9269c99c6,ONLINE,0.0,False,False
S1A_IW_SLC__1SDV_20211026T145309_20211026T145337_040291_04C636_6541.zip,2021-10-26T14:53:09.787Z,2021-10-26T14:53:37.650Z,S1A,IW,40291,144,"POLYGON ((54.084133 -22.967051, 56.496162 -22.397331, 56.037392 -20.731339, 53.655056 -21.292124, 54.084133 -22.967051))",ASCENDING,SLC,VV,VH,,,Copernicus,https://catalogue.dataspace.copernicus.eu/download/ccf633c6-6939-5415-ac9d-68b2554ddf62,ONLINE,0.0,False,False
S1A_IW_SLC__1SDV_20211014T145309_20211014T145337_040116_04C015_F9BB.zip,2021-10-14T14:53:09.757Z,2021-10-14T14:53:37.655Z,S1A,IW,40116,144,"POLYGON ((54.084778 -22.967779, 56.496876 -22.398024, 56.037518 -20.729946, 53.655159 -21.290756, 54.084778 -22.967779))",ASCENDING,SLC,VV,VH,,,Copernicus,https://catalogue.dataspace.copernicus.eu/download/63257206-6562-5f5c-b617-eaa9866cc85b,ONLINE,0.0,False,False
S1A_IW_SLC__1SDV_20211002T145309_20211002T145337_039941_04BA0F_C4E3.zip,2021-10-02T14:53:09.714Z,2021-10-02T14:53:37.598Z,S1A,IW,39941,144,"POLYGON ((54.084431 -22.967699, 56.496498 -22.397976, 56.037399 -20.730753, 53.65506 -21.291533, 54.084431 -22.967699))",ASCENDING,SLC,VV,VH,,,Copernicus,https://catalogue.dataspace.copernicus.eu/download/fe7990f4-c542-5fbb-92b1-c7a390fb79c5,ONLINE,0.0,False,False
S1A_IW_SLC__1SDV_20210920T145309_20210920T145337_039766_04B401_FBCD.zip,2021-09-20T14:53:09.382Z,2021-09-20T14:53:37.274Z,S1A,IW,39766,144,"POLYGON ((54.084774 -22.967957, 56.496891 -22.398251, 56.037685 -20.730536, 53.655308 -21.291296, 54.084774 -22.967957))",ASCENDING,SLC,VV,VH,,,Copernicus,https://catalogue.dataspace.copernicus.eu/download/c3558039-38bd-525a-807f-8a2941cfa00e,ONLINE,0.0,False,False
S1A_IW_SLC__1SDV_20210908T145308_20210908T145336_039591_04AE10_0AFC.zip,2021-09-08T14:53:08.997Z,2021-09-08T14:53:36.864Z,S1A,IW,39591,144,"POLYGON ((54.08424 -22.967533, 56.496525 -22.397772, 56.037712 -20.731544, 53.655148 -21.292368, 54.08424 -22.967533))",ASCENDING,SLC,VV,VH,,,Copernicus,https://catalogue.dataspace.copernicus.eu/download/8bc22593-ee8f-5145-9b75-16a074d04587,ONLINE,0.0,False,False
S1A_IW_SLC__1SDV_20210827T145308_20210827T145336_039416_04A800_1F81.zip,2021-08-27T14:53:08.396Z,2021-08-27T14:53:36.280Z,S1A,IW,39416,144,"POLYGON ((54.084126 -22.967731, 56.496361 -22.397966, 56.037273 -20.730753, 53.65477 -21.291574, 54.084126 -22.967731))",ASCENDING,SLC,VV,VH,,,Copernicus,https://catalogue.dataspace.copernicus.eu/download/41e7b390-3bf9-55b9-a980-6bd6ef52bbec,ONLINE,0.0,False,False
S1A_IW_SLC__1SDV_20210815T145307_20210815T145335_039241_04A201_9F4D.zip,2021-08-15T14:53:07.745Z,2021-08-15T14:53:35.626Z,S1A,IW,39241,144,"POLYGON ((54.084431 -22.968134, 56.496658 -22.398382, 56.037609 -20.731289, 53.655117 -21.292097, 54.084431 -22.968134))",ASCENDING,SLC,VV,VH,,,Copernicus,https://catalogue.dataspace.copernicus.eu/download/c6e5830a-585e-5aa7-960c-b7b1a175f891,ONLINE,0.0,False,False
S1A_IW_SLC__1SDV_20210803T145307_20210803T145335_039066_049C04_FB62.zip,2021-08-03T14:53:07.192Z,2021-08-03T14:53:35.079Z,S1A,IW,39066,144,"POLYGON ((54.084404 -22.968906, 56.496632 -22.399158, 56.037483 -20.731695, 53.654995 -21.292498, 54.084404 -22.968906))",ASCENDING,SLC,VV,VH,,,Copernicus,https://catalogue.dataspace.copernicus.eu/download/7ff82382-0603-5c54-9ec1-0bbc70586384,ONLINE,0.0,False,False
S1A_IW_SLC__1SDV_20210722T145306_20210722T145334_038891_0496D2_27A4.zip,2021-07-22T14:53:06.425Z,2021-07-22T14:53:34.307Z,S1A,IW,38891,144,"POLYGON ((54.084297 -22.968142, 56.496559 -22.398405, 56.037533 -20.731312, 53.655006 -21.292105, 54.084297 -22.968142))",ASCENDING,SLC,VV,VH,,,Copernicus,https://catalogue.dataspace.copernicus.eu/download/9bf613f2-2548-5eef-91c9-825134135cfb,ONLINE,0.0,False,False
S1A_IW_SLC__1SDV_20210710T145305_20210710T145333_038716_049195_655F.zip,2021-07-10T14:53:05.700Z,2021-07-10T14:53:33.578Z,S1A,IW,38716,144,"POLYGON ((54.083878 -22.968494, 56.496235 -22.398756, 56.037285 -20.731913, 53.654659 -21.292709, 54.083878 -22.968494))",ASCENDING,SLC,VV,VH,,,Copernicus,https://catalogue.dataspace.copernicus.eu/download/9111eca8-4b71-597b-990a-593628d9c097,ONLINE,0.0,False,False
S1A_IW_SLC__1SDV_20210628T145305_20210628T145332_038541_048C53_92B7.zip,2021-06-28T14:53:05.041Z,2021-06-28T14:53:32.925Z,S1A,IW,38541,144,"POLYGON ((54.084675 -22.968582, 56.496918 -22.398838, 56.037842 -20.731621, 53.655334 -21.292421, 54.084675 -22.968582))",ASCENDING,SLC,VV,VH,,,Copernicus,https://catalogue.dataspace.copernicus.eu/download/776a577a-3531-57bd-aa7e-eec1cc92d6de,ONLINE,0.0,False,False
S1A_IW_SLC__1SDV_20210616T145304_20210616T145332_038366_04870F_37FB.zip,2021-06-16T14:53:04.393Z,2021-06-16T14:53:32.279Z,S1A,IW,38366,144,"POLYGON ((54.084068 -22.968456, 56.496399 -22.398666, 56.03727 -20.731339, 53.654675 -21.292187, 54.084068 -22.968456))",ASCENDING,SLC,VV,VH,,,Copernicus,https://catalogue.dataspace.copernicus.eu/download/98c36ceb-8bbe-5112-b09a-1e60c68f21b0,ONLINE,0.0,False,False
S1A_IW_SLC__1SDV_20210604T145303_20210604T145331_038191_0481E0_9E3A.zip,2021-06-04T14:53:03.500Z,2021-06-04T14:53:31.386Z,S1A,IW,38191,144,"POLYGON ((54.084831 -22.968128, 56.497017 -22.398361, 56.037884 -20.731024, 53.655437 -21.291845, 54.084831 -22.968128))",ASCENDING,SLC,VV,VH,,,Copernicus,https://catalogue.dataspace.copernicus.eu/download/53c125bf-514c-57c8-a35e-823f5b77fb0f,ONLINE,0.0,False,False
S1A_IW_SLC__1SDV_20210523T145302_20210523T145330_038016_047CA5_230D.zip,2021-05-23T14:53:02.793Z,2021-05-23T14:53:30.683Z,S1A,IW,38016,144,"POLYGON ((54.084232 -22.96903, 56.496498 -22.399279, 56.037319 -20.731695, 53.6548 -21.292498, 54.084232 -22.96903))",ASCENDING,SLC,VV,VH,,,Copernicus,https://catalogue.dataspace.copernicus.eu/download/28959805-4717-5ed1-8b1f-31ef18613a51,ONLINE,0.0,False,False
S1A_IW_SLC__1SDV_20210511T145302_20210511T145330_037841_04775D_9332.zip,2021-05-11T14:53:02.196Z,2021-05-11T14:53:30.092Z,S1A,IW,37841,144,"POLYGON ((54.083836 -22.969126, 56.496128 -22.399397, 56.036869 -20.731443, 53.654327 -21.292223, 54.083836 -22.969126))",ASCENDING,SLC,VV,VH,,,Copernicus,https://catalogue.dataspace.copernicus.eu/download/1103964a-0cb7-5c85-b1a4-8af5cd59a03e,ONLINE,0.0,False,False
S1A_IW_SLC__1SDV_20210429T145301_20210429T145329_037666_0471A9_6332.zip,2021-04-29T14:53:01.423Z,2021-04-29T14:53:29.307Z,S1A,IW,37666,144,"POLYGON ((54.084892 -22.968012, 56.497215 -22.39827, 56.038158 -20.731058, 53.655575 -21.291855, 54.084892 -22.968012))",ASCENDING,SLC,VV,VH,,,Copernicus,https://catalogue.dataspace.copernicus.eu/download/44dccce6-cd77-5f09-9dcc-f22c7e498c9d,ONLINE,0.0,False,False
S1A_IW_SLC__1SDV_20210417T145301_20210417T145328_037491_046B90_3911.zip,2021-04-17T14:53:01.097Z,2021-04-17T14:53:28.985Z,S1A,IW,37491,144,"POLYGON ((54.084881 -22.96925, 56.497215 -22.399445, 56.03804 -20.731995, 53.655449 -21.292852, 54.084881 -22.96925))",ASCENDING,SLC,VV,VH,,,Copernicus,https://catalogue.dataspace.copernicus.eu/download/b436e48a-99a8-54c6-a00d-cdb4f4bbc686,ONLINE,0.0,False,False
S1A_IW_SLC__1SDV_20210405T145300_20210405T145328_037316_04658A_EB50.zip,2021-04-05T14:53:00.597Z,2021-04-05T14:53:28.489Z,S1A,IW,37316,144,"POLYGON ((54.084251 -22.968489, 56.496742 -22.398666, 56.037521 -20.73098, 53.654774 -21.291855, 54.084251 -22.968489))",ASCENDING,SLC,VV,VH,,,Copernicus,https://catalogue.dataspace.copernicus.eu/download/39af3fee-f841-581f-b656-650ae2a381cc,ONLINE,0.0,False,False
S1A_IW_SLC__1SDV_20210324T145300_20210324T145328_037141_045F7D_AEF8.zip,2021-03-24T14:53:00.300Z,2021-03-24T14:53:28.192Z,S1A,IW,37141,144,"POLYGON ((54.08432 -22.968834, 56.496696 -22.399044, 56.037468 -20.731352, 53.654835 -21.292194, 54.08432 -22.968834))",ASCENDING,SLC,VV,VH,,,Copernicus,https://catalogue.dataspace.copernicus.eu/download/c16866ed-d39e-5126-b22f-0f700fdb57b8,ONLINE,0.0,False,False
S1A_IW_SLC__1SDV_20210312T145300_20210312T145327_036966_04596D_8B5F.zip,2021-03-12T14:53:00.066Z,2021-03-12T14:53:27.956Z,S1A,IW,36966,144,"POLYGON ((54.083885 -22.968592, 56.496193 -22.398851, 56.037018 -20.73127, 53.654442 -21.292067, 54.083885 -22.968592))",ASCENDING,SLC,VV,VH,,,Copernicus,https://catalogue.dataspace.copernicus.eu/download/b8e54be4-2be7-58ed-a82c-a17a821bf2d6,ONLINE,0.0,False,False
S1A_IW_SLC__1SDV_20210228T145259_20210228T145327_036791_045354_5F6B.zip,2021-02-28T14:52:59.993Z,2021-02-28T14:53:27.880Z,S1A,IW,36791,144,"POLYGON ((54.084122 -22.968464, 56.496357 -22.398726, 56.037201 -20.731268, 53.65469 -21.292063, 54.084122 -22.968464))",ASCENDING,SLC,VV,VH,,,Copernicus,https://catalogue.dataspace.copernicus.eu/download/9a13186e-ecbc-5eec-9222-547fd124182e,ONLINE,0.0,False,False
S1A_IW_SLC__1SDV_20210216T145300_20210216T145327_036616_044D3F_7F74.zip,2021-02-16T14:53:00.088Z,2021-02-16T14:53:27.974Z,S1A,IW,36616,144,"POLYGON ((54.084846 -22.967667, 56.496883 -22.397943, 56.037735 -20.730602, 53.655418 -21.291384, 54.084846 -22.967667))",ASCENDING,SLC,VV,VH,,,Copernicus,https://catalogue.dataspace.copernicus.eu/download/219fed06-e753-5f05-a845-ce2aacc72ea4,ONLINE,0.0,False,False
S1A_IW_SLC__1SDV_20210204T145300_20210204T145328_036441_04471F_01E8.zip,2021-02-04T14:53:00.485Z,2021-02-04T14:53:28.370Z,S1A,IW,36441,144,"POLYGON ((54.085205 -22.967743, 56.497223 -22.398018, 56.038067 -20.730675, 53.655766 -21.291458, 54.085205 -22.967743))",ASCENDING,SLC,VV,VH,,,Copernicus,https://catalogue.dataspace.copernicus.eu/download/ba52fd80-3227-5fd2-a34e-3db1dbe9cea6,ONLINE,0.0,False,False
S1A_IW_SLC__1SDV_20210123T145300_20210123T145328_036266_044114_F7D2.zip,2021-01-23T14:53:00.873Z,2021-01-23T14:53:28.742Z,S1A,IW,36266,144,"POLYGON ((53.656353 -21.292299, 54.085526 -22.967602, 56.497501 -22.397905, 56.038628 -20.731539, 53.656353 -21.292299))",ASCENDING,SLC,VV,VH,,,Copernicus,https://catalogue.dataspace.copernicus.eu/download/0b679fad-8d85-5d62-be64-40ebae1761d7,ONLINE,7912.591164,False,False
S1A_IW_SLC__1SDV_20210111T145301_20210111T145329_036091_043AFD_EA8C.zip,2021-01-11T14:53:01.349Z,2021-01-11T14:53:29.239Z,S1A,IW,36091,144,"POLYGON ((53.655548 -21.291777, 54.085014 -22.968315, 56.497044 -22.398642, 56.037857 -20.731045, 53.655548 -21.291777))",ASCENDING,SLC,VV,VH,,,Copernicus,https://catalogue.dataspace.copernicus.eu/download/9fc66f28-b4f6-5b41-b453-c7eeee6f942b,ONLINE,3777.057551,False,False
S1A_IW_SLC__1SDV_20201230T145301_20201230T145329_035916_0434E6_D044.zip,2020-12-30T14:53:01.991Z,2020-12-30T14:53:29.874Z,S1A,IW,35916,144,"POLYGON ((53.654724 -21.290817, 54.084087 -22.96699, 56.496075 -22.397335, 56.037003 -20.730103, 53.654724 -21.290817))",ASCENDING,SLC,VV,VH,,,Copernicus,https://catalogue.dataspace.copernicus.eu/download/7cf454d4-ee46-599d-b781-1a61f9ec5d85,ONLINE,7911.956282,False,False
S1A_IW_SLC__1SDV_20201218T145302_20201218T145330_035741_042EBC_E4A8.zip,2020-12-18T14:53:02.541Z,2020-12-18T14:53:30.431Z,S1A,IW,35741,144,"POLYGON ((53.654842 -21.291162, 54.084335 -22.967701, 56.496292 -22.398008, 56.037083 -20.730412, 53.654842 -21.291162))",ASCENDING,SLC,VV,VH,,,Copernicus,https://catalogue.dataspace.copernicus.eu/download/bc57399b-db82-5430-b310-bdb2dbb4f42a,ONLINE,7911.945305,False,False
S1A_IW_SLC__1SDV_20201206T145303_20201206T145330_035566_0428BA_B697.zip,2020-12-06T14:53:03.048Z,2020-12-06T14:53:30.932Z,S1A,IW,35566,144,"POLYGON ((53.655128 -21.290998, 54.084534 -22.967163, 56.496529 -22.397446, 56.037411 -20.730223, 53.655128 -21.290998))",ASCENDING,SLC,VV,VH,,,Copernicus,https://catalogue.dataspace.copernicus.eu/download/2f66de5b-b12d-51a3-82f3-5430556e859b,ONLINE,7912.240402,False,False
S1A_IW_SLC__1SDV_20201124T145303_20201124T145331_035391_0422B3_6E8C.zip,2020-11-24T14:53:03.362Z,2020-11-24T14:53:31.241Z,S1A,IW,35391,144,"POLYGON ((53.656292 -21.290924, 54.085636 -22.966841, 56.497604 -22.397121, 56.038551 -20.730145, 53.656292 -21.290924))",ASCENDING,SLC,VV,VH,,,Copernicus,https://catalogue.dataspace.copernicus.eu/download/43b88451-1fc4-567b-acf8-d758dca34b85,ONLINE,7911.849403,False,False
S1A_IW_SLC__1SDV_20201112T145303_20201112T145331_035216_041CA9_EA76.zip,2020-11-12T14:53:03.808Z,2020-11-12T14:53:31.698Z,S1A,IW,35216,144,"POLYGON ((53.655384 -21.291292, 54.084873 -22.967823, 56.496956 -22.398092, 56.037743 -20.730505, 53.655384 -21.291292))",ASCENDING,SLC,VV,VH,,,Copernicus,https://catalogue.dataspace.copernicus.eu/download/4739953f-ea7f-50c0-88e8-feda7f7cdbf9,ONLINE,7911.960099,False,False
S1A_IW_SLC__1SDV_20201031T145304_20201031T145331_035041_04168B_EA9A.zip,2020-10-31T14:53:04.052Z,2020-10-31T14:53:31.935Z,S1A,IW,35041,144,"POLYGON ((53.655159 -21.291887, 54.084518 -22.968054, 56.496597 -22.398369, 56.037518 -20.731144, 53.655159 -21.291887))",ASCENDING,SLC,VV,VH,,,Copernicus,https://catalogue.dataspace.copernicus.eu/download/fba6e3b9-fe0b-58c4-b39d-28bb6c48bbc2,ONLINE,7912.081052,False,False
S1A_IW_SLC__1SDV_20201019T145304_20201019T145331_034866_041096_993B.zip,2020-10-19T14:53:04.029Z,2020-10-19T14:53:31.917Z,S1A,IW,34866,144,"POLYGON ((53.655224 -21.291176, 54.084663 -22.967588, 56.496716 -22.397881, 56.037552 -20.73041, 53.655224 -21.291176))",ASCENDING,SLC,VV,VH,,,Copernicus,https://catalogue.dataspace.copernicus.eu/download/84f6cafb-26bc-5335-a246-da53887a96ee,ONLINE,7912.013923,False,False
S1A_IW_SLC__1SDV_20201007T145304_20201007T145331_034691_040A73_483E.zip,2020-10-07T14:53:04.052Z,2020-10-07T14:53:31.942Z,S1A,IW,34691,144,"POLYGON ((53.654591 -21.291254, 54.084076 -22.967789, 56.496143 -22.398046, 56.03693 -20.730457, 53.654591 -21.291254))",ASCENDING,SLC,VV,VH,,,Copernicus,https://catalogue.dataspace.copernicus.eu/download/e4561298-5ce3-5e95-acc7-0261cab2bc18,ONLINE,7912.163547,False,False
S1A_IW_SLC__1SDV_20200925T145303_20200925T145331_034516_04044E_DDA5.zip,2020-09-25T14:53:03.770Z,2020-09-25T14:53:31.664Z,S1A,IW,34516,144,"POLYGON ((53.654743 -21.290768, 54.084286 -22.967548, 56.496338 -22.397806, 56.03706 -20.729971, 53.654743 -21.290768))",ASCENDING,SLC,VV,VH,,,Copernicus,https://catalogue.dataspace.copernicus.eu/download/672b2021-6a67-553c-bc59-4c99ab52d600,ONLINE,7911.955408,False,False
S1A_IW_SLC__1SDV_20200913T145303_20200913T145331_034341_03FE25_491C.zip,2020-09-13T14:53:03.391Z,2020-09-13T14:53:31.285Z,S1A,IW,34341,144,"POLYGON ((53.654781 -21.290953, 54.084301 -22.967737, 56.496395 -22.398003, 56.037136 -20.730165, 53.654781 -21.290953))",ASCENDING,SLC,VV,VH,,,Copernicus,https://catalogue.dataspace.copernicus.eu/download/79c2a911-5d24-59e2-be4a-d7d0946b1d0c,ONLINE,7911.9138,False,False
S1A_IW_SLC__1SDV_20200901T145302_20200901T145330_034166_03F805_9AB9.zip,2020-09-01T14:53:02.927Z,2020-09-01T14:53:30.817Z,S1A,IW,34166,144,"POLYGON ((53.654613 -21.290937, 54.084034 -22.967468, 56.496304 -22.397722, 56.037144 -20.730137, 53.654613 -21.290937))",ASCENDING,SLC,VV,VH,,,Copernicus,https://catalogue.dataspace.copernicus.eu/download/f406ad65-340a-53dc-bddd-fc7d18f3ea17,ONLINE,7911.900324,False,False
S1A_IW_SLC__1SDV_20200820T145302_20200820T145330_033991_03F1D6_93EE.zip,2020-08-20T14:53:02.173Z,2020-08-20T14:53:30.041Z,S1A,IW,33991,144,"POLYGON ((53.655243 -21.292398, 54.084297 -22.967573, 56.496571 -22.397854, 56.0378 -20.731619, 53.655243 -21.292398))",ASCENDING,SLC,VV,VH,,,Copernicus,https://catalogue.dataspace.copernicus.eu/download/fa97d3ad-f4a7-5287-9dcf-51672b6b0de2,ONLINE,7911.850957,False,False
S1A_IW_SLC__1SDV_20200808T145301_20200808T145329_033816_03EBB4_EE23.zip,2020-08-08T14:53:01.543Z,2020-08-08T14:53:29.433Z,S1A,IW,33816,144,"POLYGON ((53.654762 -21.291883, 54.084209 -22.968409, 56.496525 -22.398628, 56.037338 -20.73105, 53.654762 -21.291883))",ASCENDING,SLC,VV,VH,,,Copernicus,https://catalogue.dataspace.copernicus.eu/download/81821069-a33c-59de-869f-7285d713767f,ONLINE,7912.131572,False,False
S1A_IW_SLC__1SDV_20200727T145300_20200727T145328_033641_03E624_1C74.zip,2020-07-27T14:53:00.996Z,2020-07-27T14:53:28.875Z,S1A,IW,33641,144,"POLYGON ((53.654469 -21.292477, 54.083755 -22.968388, 56.496006 -22.398623, 56.036987 -20.731655, 53.654469 -21.292477))",ASCENDING,SLC,VV,VH,,,Copernicus,https://catalogue.dataspace.copernicus.eu/download/99ebec2c-5997-5bef-a7a0-622ffba0e99c,ONLINE,7912.191016,False,False
S1A_IW_SLC__1SDV_20200715T145259_20200715T145327_033466_03E0C6_6380.zip,2020-07-15T14:52:59.983Z,2020-07-15T14:53:27.862Z,S1A,IW,33466,144,"POLYGON ((53.655308 -21.29248, 54.084587 -22.968382, 56.49699 -22.398586, 56.037975 -20.731628, 53.655308 -21.29248))",ASCENDING,SLC,VV,VH,,,Copernicus,https://catalogue.dataspace.copernicus.eu/download/c3df4497-1c3e-5872-84a5-b0568f45dd15,ONLINE,7912.041344,False,False
S1A_IW_SLC__1SDV_20200703T145259_20200703T145327_033291_03DB6F_1389.zip,2020-07-03T14:52:59.277Z,2020-07-03T14:53:27.165Z,S1A,IW,33291,144,"POLYGON ((53.655083 -21.291945, 54.084457 -22.968351, 56.496811 -22.398611, 56.037693 -20.731152, 53.655083 -21.291945))",ASCENDING,SLC,VV,VH,,,Copernicus,https://catalogue.dataspace.copernicus.eu/download/7ce27738-7fd9-5a08-81a2-5d264882914b,ONLINE,7912.255685,False,False
S1A_IW_SLC__1SDV_20200621T145258_20200621T145326_033116_03D61E_571F.zip,2020-06-21T14:52:58.780Z,2020-06-21T14:53:26.659Z,S1A,IW,33116,144,"POLYGON ((53.654549 -21.292397, 54.083801 -22.968315, 56.496044 -22.398598, 56.03706 -20.731623, 53.654549 -21.292397))",ASCENDING,SLC,VV,VH,,,Copernicus,https://catalogue.dataspace.copernicus.eu/download/7913f23f-74b5-5521-835a-c13b64160e50,ONLINE,7912.176678,False,False
S1A_IW_SLC__1SDV_20200609T145258_20200609T145325_032941_03D0D0_BF36.zip,2020-06-09T14:52:58.060Z,2020-06-09T14:53:25.948Z,S1A,IW,32941,144,"POLYGON ((53.655361 -21.29199, 54.084755 -22.968401, 56.496998 -22.398661, 56.037861 -20.731197, 53.655361 -21.29199))",ASCENDING,SLC,VV,VH,,,Copernicus,https://catalogue.dataspace.copernicus.eu/download/130e9165-3efd-5a39-8c21-a0adacac1e21,ONLINE,7912.162506,False,False
S1A_IW_SLC__1SDV_20200528T145257_20200528T145325_032766_03CBA7_02B6.zip,2020-05-28T14:52:57.353Z,2020-05-28T14:53:25.235Z,S1A,IW,32766,144,"POLYGON ((53.65567 -21.292509, 54.085007 -22.96854, 56.497272 -22.398748, 56.0382 -20.731661, 53.65567 -21.292509))",ASCENDING,SLC,VV,VH,,,Copernicus,https://catalogue.dataspace.copernicus.eu/download/b570beb7-c39c-5c77-b67b-9a1fc2733507,ONLINE,7912.009726,False,False
S1A_IW_SLC__1SDV_20200516T145256_20200516T145324_032591_03C65F_65A4.zip,2020-05-16T14:52:56.597Z,2020-05-16T14:53:24.491Z,S1A,IW,32591,144,"POLYGON ((53.655403 -21.292429, 54.084919 -22.969204, 56.497158 -22.399437, 56.037891 -20.731611, 53.655403 -21.292429))",ASCENDING,SLC,VV,VH,,,Copernicus,https://catalogue.dataspace.copernicus.eu/download/467af0b1-3c9a-52e6-b917-31b69326fa06,ONLINE,7912.00741,False,False
S1A_IW_SLC__1SDV_20200504T145255_20200504T145323_032416_03C0F2_419C.zip,2020-05-04T14:52:55.861Z,2020-05-04T14:53:23.739Z,S1A,IW,32416,144,"POLYGON ((53.655052 -21.29225, 54.084301 -22.968042, 56.49651 -22.398312, 56.037537 -20.731462, 53.655052 -21.29225))",ASCENDING,SLC,VV,VH,,,Copernicus,https://catalogue.dataspace.copernicus.eu/download/86a61db5-64c5-5d4d-af61-783bb0046fdd,ONLINE,7911.983288,False,False
S1A_IW_SLC__1SDV_20200422T145255_20200422T145323_032241_03BAC6_AC21.zip,2020-04-22T14:52:55.272Z,2020-04-22T14:53:23.156Z,S1A,IW,32241,144,"POLYGON ((53.654076 -21.291512, 54.083385 -22.967674, 56.495667 -22.397955, 56.036625 -20.730736, 53.654076 -21.291512))",ASCENDING,SLC,VV,VH,,,Copernicus,https://catalogue.dataspace.copernicus.eu/download/93ef6011-3a6d-56f5-9180-d120aa806940,ONLINE,7911.904975,False,False
S1A_IW_SLC__1SDV_20200410T145254_20200410T145322_032066_03B4A4_6808.zip,2020-04-10T14:52:54.782Z,2020-04-10T14:53:22.667Z,S1A,IW,32066,144,"POLYGON ((53.654755 -21.291265, 54.084126 -22.967548, 56.496376 -22.397791, 56.037266 -20.730453, 53.654755 -21.291265))",ASCENDING,SLC,VV,VH,,,Copernicus,https://catalogue.dataspace.copernicus.eu/download/0598db81-6b28-5838-ad7c-6b598fd8144e,ONLINE,7912.070915,False,False
S1A_IW_SLC__1SDV_20200329T145254_20200329T145322_031891_03AE72_D03C.zip,2020-03-29T14:52:54.519Z,2020-03-29T14:53:22.390Z,S1A,IW,31891,144,"POLYGON ((53.654533 -21.292585, 54.083706 -22.967985, 56.496136 -22.398174, 56.037247 -20.731714, 53.654533 -21.292585))",ASCENDING,SLC,VV,VH,,,Copernicus,https://catalogue.dataspace.copernicus.eu/download/6b447410-2b2f-52b3-b959-6381bdf97e5a,ONLINE,7912.258124,False,False
S1A_IW_SLC__1SDV_20200317T145254_20200317T145322_031716_03A84C_9F7C.zip,2020-03-17T14:52:54.391Z,2020-03-17T14:53:22.275Z,S1A,IW,31716,144,"POLYGON ((53.654728 -21.292341, 54.084114 -22.968487, 56.496437 -22.398685, 56.037327 -20.731483, 53.654728 -21.292341))",ASCENDING,SLC,VV,VH,,,Copernicus,https://catalogue.dataspace.copernicus.eu/download/446d12de-b98b-5125-89c0-798a7c895429,ONLINE,7912.051972,False,False
S1A_IW_SLC__1SDV_20200305T145254_20200305T145322_031541_03A23C_8627.zip,2020-03-05T14:52:54.240Z,2020-03-05T14:53:22.121Z,S1A,IW,31541,144,"POLYGON ((53.654884 -21.291666, 54.084229 -22.967697, 56.496426 -22.397949, 56.037365 -20.730858, 53.654884 -21.291666))",ASCENDING,SLC,VV,VH,,,Copernicus,https://catalogue.dataspace.copernicus.eu/download/51c5e022-fed3-5b45-899d-30a1a7e229f6,ONLINE,7911.891275,False,False
S1A_IW_SLC__1SDV_20200222T145254_20200222T145322_031366_039C30_7D47.zip,2020-02-22T14:52:54.160Z,2020-02-22T14:53:22.043Z,S1A,IW,31366,144,"POLYGON ((53.654808 -21.291687, 54.084167 -22.967848, 56.496323 -22.398138, 56.037239 -20.730917, 53.654808 -21.291687))",ASCENDING,SLC,VV,VH,,,Copernicus,https://catalogue.dataspace.copernicus.eu/download/8e0fa7cc-003d-598b-8e57-57fb3d94da4c,ONLINE,7911.953151,False,False
S1A_IW_SLC__1SDV_20200210T145254_20200210T145322_031191_03962A_5FB2.zip,2020-02-10T14:52:54.352Z,2020-02-10T14:53:22.238Z,S1A,IW,31191,144,"POLYGON ((53.654552 -21.291769, 54.083946 -22.968058, 56.496048 -22.398367, 56.036934 -20.73102, 53.654552 -21.291769))",ASCENDING,SLC,VV,VH,,,Copernicus,https://catalogue.dataspace.copernicus.eu/download/88b324b4-2065-5e84-af9e-5c5c970a6456,ONLINE,7912.039287,False,False
S1A_IW_SLC__1SDV_20200129T145254_20200129T145322_031016_039011_DB19.zip,2020-01-29T14:52:54.637Z,2020-01-29T14:53:22.531Z,S1A,IW,31016,144,"POLYGON ((53.655567 -21.291222, 54.085136 -22.967999, 56.497189 -22.39826, 56.037895 -20.730429, 53.655567 -21.291222))",ASCENDING,SLC,VV,VH,,,Copernicus,https://catalogue.dataspace.copernicus.eu/download/7687f102-8345-5e94-a202-9b84e615d46c,ONLINE,7912.608858,False,False
S1A_IW_SLC__1SDV_20200117T145255_20200117T145322_030841_0389EA_9A4F.zip,2020-01-17T14:52:55.062Z,2020-01-17T14:53:22.931Z,S1A,IW,30841,144,"POLYGON ((53.65596 -21.291967, 54.085163 -22.96726, 56.497204 -22.397512, 56.038303 -20.731157, 53.65596 -21.291967))",ASCENDING,SLC,VV,VH,,,Copernicus,https://catalogue.dataspace.copernicus.eu/download/2936c0e0-97b9-591a-8adb-ea106cc23bcc,ONLINE,7911.793032,False,False
S1A_IW_SLC__1SDV_20200105T145255_20200105T145323_030666_0383CA_58FB.zip,2020-01-05T14:52:55.575Z,2020-01-05T14:53:23.442Z,S1A,IW,30666,144,"POLYGON ((53.656082 -21.292088, 54.085239 -22.967262, 56.497223 -22.397551, 56.038372 -20.731312, 53.656082 -21.292088))",ASCENDING,SLC,VV,VH,,,Copernicus,https://catalogue.dataspace.copernicus.eu/download/91ddf817-4e44-5e76-b005-e9a3b133b309,ONLINE,7911.9471,False,False
S1A_IW_SLC__1SDV_20191224T145256_20191224T145324_030491_037DBF_B03E.zip,2019-12-24T14:52:56.124Z,2019-12-24T14:53:24.005Z,S1A,IW,30491,144,"POLYGON ((53.655273 -21.291164, 54.084618 -22.967213, 56.496574 -22.397554, 56.037525 -20.730446, 53.655273 -21.291164))",ASCENDING,SLC,VV,VH,,,Copernicus,https://catalogue.dataspace.copernicus.eu/download/4caa55ce-59fc-545f-843d-b85744560c37,ONLINE,7911.965453,False,False
S1A_IW_SLC__1SDV_20191212T145256_20191212T145324_030316_0377B2_B7C8.zip,2019-12-12T14:52:56.589Z,2019-12-12T14:53:24.472Z,S1A,IW,30316,144,"POLYGON ((53.655212 -21.291161, 54.084583 -22.967333, 56.496532 -22.397678, 56.037449 -20.730446, 53.655212 -21.291161))",ASCENDING,SLC,VV,VH,,,Copernicus,https://catalogue.dataspace.copernicus.eu/download/81af3b65-7378-5535-a01b-0fd31314b748,ONLINE,7911.990924,False,False
S1A_IW_SLC__1SDV_20191130T145256_20191130T145324_030141_0371A8_3361.zip,2019-11-30T14:52:56.978Z,2019-11-30T14:53:24.868Z,S1A,IW,30141,144,"POLYGON ((53.655205 -21.291056, 54.08469 -22.967598, 56.496609 -22.397921, 56.037403 -20.73032, 53.655205 -21.291056))",ASCENDING,SLC,VV,VH,,,Copernicus,https://catalogue.dataspace.copernicus.eu/download/be6dc40d-c071-5524-95cb-ef4721d8f096,ONLINE,7912.379168,False,False
S1A_IW_SLC__1SDV_20191118T145257_20191118T145325_029966_036B97_87A1.zip,2019-11-18T14:52:57.430Z,2019-11-18T14:53:25.318Z,S1A,IW,29966,144,"POLYGON ((53.655144 -21.291016, 54.084621 -22.967428, 56.49659 -22.397697, 56.037392 -20.730228, 53.655144 -21.291016))",ASCENDING,SLC,VV,VH,,,Copernicus,https://catalogue.dataspace.copernicus.eu/download/bde6d4a2-7057-566c-8744-41081800f01f,ONLINE,7911.944227,False,False
S1A_IW_SLC__1SDV_20191106T145257_20191106T145325_029791_036582_5AF2.zip,2019-11-06T14:52:57.592Z,2019-11-06T14:53:25.480Z,S1A,IW,29791,144,"POLYGON ((53.655144 -21.290939, 54.084602 -22.967348, 56.496643 -22.397621, 56.03746 -20.730154, 53.655144 -21.290939))",ASCENDING,SLC,VV,VH,,,Copernicus,https://catalogue.dataspace.copernicus.eu/download/ec82a110-64a1-5c68-ac68-d0101c1044d7,ONLINE,7912.405909,False,False
S1A_IW_SLC__1SDV_20191025T145257_20191025T145325_029616_035F55_85C1.zip,2019-10-25T14:52:57.490Z,2019-10-25T14:53:25.384Z,S1A,IW,29616,144,"POLYGON ((53.656216 -21.291365, 54.085751 -22.968147, 56.497822 -22.398436, 56.038555 -20.730598, 53.656216 -21.291365))",ASCENDING,SLC,VV,VH,,,Copernicus,https://catalogue.dataspace.copernicus.eu/download/c3617b03-b1f3-523b-8256-c3e9550c69e6,ONLINE,7912.50802,False,False
S1A_IW_SLC__1SDV_20191013T145257_20191013T145325_029441_035955_4F94.zip,2019-10-13T14:52:57.540Z,2019-10-13T14:53:25.426Z,S1A,IW,29441,144,"POLYGON ((53.655636 -21.291336, 54.085018 -22.967628, 56.497093 -22.397936, 56.037983 -20.730585, 53.655636 -21.291336))",ASCENDING,SLC,VV,VH,,,Copernicus,https://catalogue.dataspace.copernicus.eu/download/5654450b-dc4e-5152-ad3d-3cce4b9526a5,ONLINE,7912.085724,False,False
S1A_IW_SLC__1SDV_20191001T145257_20191001T145325_029266_03534C_B9C8.zip,2019-10-01T14:52:57.631Z,2019-10-01T14:53:25.519Z,S1A,IW,29266,144,"POLYGON ((53.654152 -21.291059, 54.083572 -22.967474, 56.495667 -22.397758, 56.036518 -20.730288, 53.654152 -21.291059))",ASCENDING,SLC,VV,VH,,,Copernicus,https://catalogue.dataspace.copernicus.eu/download/6c19d9e0-a9ea-53bc-b261-1905712fe290,ONLINE,7912.075386,False,False
S1A_IW_SLC__1SDV_20190919T145257_20190919T145324_029091_034D49_558D.zip,2019-09-19T14:52:57.028Z,2019-09-19T14:53:24.916Z,S1A,IW,29091,144,"POLYGON ((53.65527 -21.291084, 54.084686 -22.967499, 56.496815 -22.397764, 56.037663 -20.730297, 53.65527 -21.291084))",ASCENDING,SLC,VV,VH,,,Copernicus,https://catalogue.dataspace.copernicus.eu/download/c27095f4-c9c7-5b73-94a4-a82f678f2992,ONLINE,7911.932253,False,False
S1A_IW_SLC__1SDV_20190907T145256_20190907T145324_028916_03473E_8826.zip,2019-09-07T14:52:56.631Z,2019-09-07T14:53:24.517Z,S1A,IW,28916,144,"POLYGON ((53.654755 -21.291214, 54.084156 -22.967493, 56.496399 -22.397703, 56.037262 -20.730371, 53.654755 -21.291214))",ASCENDING,SLC,VV,VH,,,Copernicus,https://catalogue.dataspace.copernicus.eu/download/5da7d8f1-cca9-53b1-8105-1ea8d60e8056,ONLINE,7912.290536,False,False
S1A_IW_SLC__1SDV_20190826T145256_20190826T145323_028741_034124_ABC3.zip,2019-08-26T14:52:56.056Z,2019-08-26T14:53:23.944Z,S1A,IW,28741,144,"POLYGON ((53.654545 -21.291018, 54.083961 -22.967422, 56.496204 -22.397652, 56.037052 -20.730192, 53.654545 -21.291018))",ASCENDING,SLC,VV,VH,,,Copernicus,https://catalogue.dataspace.copernicus.eu/download/de6e4329-6649-52bf-80c2-c7566c1c7226,ONLINE,7912.019005,False,False
S1A_IW_SLC__1SDV_20190814T145255_20190814T145323_028566_033B19_7011.zip,2019-08-14T14:52:55.563Z,2019-08-14T14:53:23.450Z,S1A,IW,28566,144,"POLYGON ((53.654243 -21.29097, 54.083633 -22.967379, 56.495872 -22.397636, 56.036739 -20.730173, 53.654243 -21.29097))",ASCENDING,SLC,VV,VH,,,Copernicus,https://catalogue.dataspace.copernicus.eu/download/5297e591-b87c-5a11-a782-d6c6b8280600,ONLINE,7911.939918,False,False
S1A_IW_SLC__1SDV_20190802T145254_20190802T145322_028391_033555_3D06.zip,2019-08-02T14:52:54.593Z,2019-08-02T14:53:22.476Z,S1A,IW,28391,144,"POLYGON ((53.654869 -21.291756, 54.084183 -22.967915, 56.496529 -22.398172, 56.037479 -20.730959, 53.654869 -21.291756))",ASCENDING,SLC,VV,VH,,,Copernicus,https://catalogue.dataspace.copernicus.eu/download/54005322-aa90-596a-8793-0954a950fa33,ONLINE,7912.12203,False,False
S1A_IW_SLC__1SDV_20190721T145253_20190721T145321_028216_033000_17F9.zip,2019-07-21T14:52:53.887Z,2019-07-21T14:53:21.778Z,S1A,IW,28216,144,"POLYGON ((53.654968 -21.292192, 54.084446 -22.968845, 56.496719 -22.399076, 56.037495 -20.731371, 53.654968 -21.292192))",ASCENDING,SLC,VV,VH,,,Copernicus,https://catalogue.dataspace.copernicus.eu/download/e6bd61b8-3a4b-57d9-a5f6-0bfd3ea16d94,ONLINE,7912.159043,False,False
S1A_IW_SLC__1SDV_20190709T145253_20190709T145320_028041_032ABB_85BC.zip,2019-07-09T14:52:53.002Z,2019-07-09T14:53:20.894Z,S1A,IW,28041,144,"POLYGON ((53.655315 -21.291889, 54.084801 -22.968531, 56.497185 -22.398724, 56.037952 -20.73103, 53.655315 -21.291889))",ASCENDING,SLC,VV,VH,,,Copernicus,https://catalogue.dataspace.copernicus.eu/download/ade8e019-c9b6-5d51-90fc-4370afa5d0c2,ONLINE,7912.400408,False,False
S1A_IW_SLC__1SDV_20190627T145252_20190627T145320_027866_032564_9FDB.zip,2019-06-27T14:52:52.299Z,2019-06-27T14:53:20.186Z,S1A,IW,27866,144,"POLYGON ((53.655098 -21.291386, 54.084503 -22.967793, 56.496754 -22.398029, 56.037609 -20.73057, 53.655098 -21.291386))",ASCENDING,SLC,VV,VH,,,Copernicus,https://catalogue.dataspace.copernicus.eu/download/f1370f9c-d906-5353-a089-b87f9ebec806,ONLINE,7912.105591,False,False
S1A_IW_SLC__1SDV_20190615T145251_20190615T145319_027691_03202D_ED71.zip,2019-06-15T14:52:51.472Z,2019-06-15T14:53:19.362Z,S1A,IW,27691,144,"POLYGON ((53.655117 -21.291876, 54.08453 -22.968403, 56.49688 -22.398653, 56.037724 -20.731071, 53.655117 -21.291876))",ASCENDING,SLC,VV,VH,,,Copernicus,https://catalogue.dataspace.copernicus.eu/download/e47e4ab3-0129-5a05-b027-07d84f9cde38,ONLINE,7912.271121,False,False
S1A_IW_SLC__1SDV_20190603T145250_20190603T145318_027516_031AE3_538E.zip,2019-06-03T14:52:50.955Z,2019-06-03T14:53:18.843Z,S1A,IW,27516,144,"POLYGON ((53.654137 -21.29166, 54.083515 -22.968065, 56.495846 -22.398327, 56.036724 -20.730867, 53.654137 -21.29166))",ASCENDING,SLC,VV,VH,,,Copernicus,https://catalogue.dataspace.copernicus.eu/download/4675b20d-73cf-5315-9fd3-877f1c137070,ONLINE,7912.374228,False,False
S1A_IW_SLC__1SDV_20190522T145250_20190522T145318_027341_031575_B714.zip,2019-05-22T14:52:50.413Z,2019-05-22T14:53:18.288Z,S1A,IW,27341,144,"POLYGON ((53.654499 -21.292372, 54.08371 -22.968031, 56.49604 -22.398279, 56.037106 -20.73156, 53.654499 -21.292372))",ASCENDING,SLC,VV,VH,,,Copernicus,https://catalogue.dataspace.copernicus.eu/download/7449d2ca-8ee6-5517-837f-db10dc791d24,ONLINE,7912.059838,False,False
S1A_IW_SLC__1SDV_20190510T145249_20190510T145317_027166_030FFA_F488.zip,2019-05-10T14:52:49.621Z,2019-05-10T14:53:17.509Z,S1A,IW,27166,144,"POLYGON ((53.655823 -21.291277, 54.085262 -22.967682, 56.497444 -22.397907, 56.038273 -20.730446, 53.655823 -21.291277))",ASCENDING,SLC,VV,VH,,,Copernicus,https://catalogue.dataspace.copernicus.eu/download/66c20159-b3b2-52f2-b95d-a25628a77a35,ONLINE,7912.247688,False,False
S1A_IW_SLC__1SDV_20190428T145249_20190428T145317_026991_0309E3_9BE5.zip,2019-04-28T14:52:49.422Z,2019-04-28T14:53:17.312Z,S1A,IW,26991,144,"POLYGON ((53.654224 -21.292173, 54.083675 -22.968702, 56.49593 -22.39893, 56.036736 -20.731348, 53.654224 -21.292173))",ASCENDING,SLC,VV,VH,,,Copernicus,https://catalogue.dataspace.copernicus.eu/download/91551c04-33d8-5350-911b-cfb570c6e5ac,ONLINE,7912.322051,False,False
S1A_IW_SLC__1SDV_20190416T145248_20190416T145316_026816_030391_3557.zip,2019-04-16T14:52:48.707Z,2019-04-16T14:53:16.592Z,S1A,IW,26816,144,"POLYGON ((53.653889 -21.290707, 54.083225 -22.966995, 56.495434 -22.397289, 56.036362 -20.729944, 53.653889 -21.290707))",ASCENDING,SLC,VV,VH,,,Copernicus,https://catalogue.dataspace.copernicus.eu/download/0a297502-34f3-5d31-9906-a11c0ebec2c2,ONLINE,7911.79976,False,False
S1A_IW_SLC__1SDV_20190404T145248_20190404T145316_026641_02FD36_25B0.zip,2019-04-04T14:52:48.398Z,2019-04-04T14:53:16.284Z,S1A,IW,26641,144,"POLYGON ((53.653236 -21.291594, 54.082581 -22.967865, 56.495041 -22.398106, 56.035965 -20.730778, 53.653236 -21.291594))",ASCENDING,SLC,VV,VH,,,Copernicus,https://catalogue.dataspace.copernicus.eu/download/53b45236-d02e-595d-8613-424431b7c4d8,ONLINE,7912.182943,False,False
S1A_IW_SLC__1SDV_20190323T145248_20190323T145316_026466_02F6BB_BCFE.zip,2019-03-23T14:52:48.130Z,2019-03-23T14:53:16.022Z,S1A,IW,26466,144,"POLYGON ((53.653614 -21.29101, 54.083088 -22.967653, 56.495461 -22.397879, 56.036251 -20.730183, 53.653614 -21.29101))",ASCENDING,SLC,VV,VH,,,Copernicus,https://catalogue.dataspace.copernicus.eu/download/09002cf6-a5dd-59e3-98f6-af571d93931d,ONLINE,7911.945777,False,False
S1A_IW_SLC__1SDV_20190311T145247_20190311T145315_026291_02F044_4FC9.zip,2019-03-11T14:52:47.914Z,2019-03-11T14:53:15.795Z,S1A,IW,26291,144,"POLYGON ((53.654617 -21.291973, 54.083969 -22.967997, 56.496223 -22.398222, 56.037148 -20.731138, 53.654617 -21.291973))",ASCENDING,SLC,VV,VH,,,Copernicus,https://catalogue.dataspace.copernicus.eu/download/cf0562e2-94fe-51ee-a2da-9bab3ed7d6b1,ONLINE,7912.567484,False,False
S1A_IW_SLC__1SDV_20190227T145248_20190227T145315_026116_02E9EB_EBEF.zip,2019-02-27T14:52:48.004Z,2019-02-27T14:53:15.875Z,S1A,IW,26116,144,"POLYGON ((53.654972 -21.292158, 54.084179 -22.967571, 56.496342 -22.39781, 56.03743 -20.731337, 53.654972 -21.292158))",ASCENDING,SLC,VV,VH,,,Copernicus,https://catalogue.dataspace.copernicus.eu/download/4ad77ac0-1ad3-5a6c-aab3-f6068e7b80e5,ONLINE,7912.076108,False,False
S1A_IW_SLC__1SDV_20190215T145247_20190215T145315_025941_02E3B4_DF1F.zip,2019-02-15T14:52:47.966Z,2019-02-15T14:53:15.858Z,S1A,IW,25941,144,"POLYGON ((53.655632 -21.291426, 54.085152 -22.968081, 56.497234 -22.39835, 56.037991 -20.730639, 53.655632 -21.291426))",ASCENDING,SLC,VV,VH,,,Copernicus,https://catalogue.dataspace.copernicus.eu/download/b2aa0d2e-3338-572b-9857-732a93b0fc66,ONLINE,7912.408317,False,False
S1A_IW_SLC__1SDV_20190203T145248_20190203T145316_025766_02DD7C_34C7.zip,2019-02-03T14:52:48.279Z,2019-02-03T14:53:16.172Z,S1A,IW,25766,144,"POLYGON ((53.654568 -21.290697, 54.084084 -22.967485, 56.496105 -22.397823, 56.036865 -20.729979, 53.654568 -21.290697))",ASCENDING,SLC,VV,VH,,,Copernicus,https://catalogue.dataspace.copernicus.eu/download/3ae598bd-7cf5-5f02-a72e-09efb2ce2095,ONLINE,7912.275074,False,False
S1A_IW_SLC__1SDV_20190122T145248_20190122T145316_025591_02D71D_388D.zip,2019-01-22T14:52:48.692Z,2019-01-22T14:53:16.580Z,S1A,IW,25591,144,"POLYGON ((53.654552 -21.29064, 54.083988 -22.967056, 56.495995 -22.397375, 56.036842 -20.7299, 53.654552 -21.29064))",ASCENDING,SLC,VV,VH,,,Copernicus,https://catalogue.dataspace.copernicus.eu/download/04013a2d-de94-5443-bdab-034dd03a6b1c,ONLINE,7911.965563,False,False
S1A_IW_SLC__1SDV_20190110T145248_20190110T145316_025416_02D0BB_0261.zip,2019-01-10T14:52:48.903Z,2019-01-10T14:53:16.803Z,S1A,IW,25416,144,"POLYGON ((53.655441 -21.290764, 54.085087 -22.967915, 56.497112 -22.398201, 56.037731 -20.729996, 53.655441 -21.290764))",ASCENDING,SLC,VV,VH,,,Copernicus,https://catalogue.dataspace.copernicus.eu/download/de14bbe3-bba7-587b-b184-89c1ee064692,ONLINE,7912.316233,False,False
S1A_IW_SLC__1SDV_20181229T145249_20181229T145317_025241_02CA72_A096.zip,2018-12-29T14:52:49.548Z,2018-12-29T14:53:17.437Z,S1A,IW,25241,144,"POLYGON ((53.655396 -21.29092, 54.084915 -22.967453, 56.496861 -22.397732, 56.037624 -20.730141, 53.655396 -21.29092))",ASCENDING,SLC,VV,VH,,,Copernicus,https://catalogue.dataspace.copernicus.eu/download/6afbea36-7f6d-55a1-956d-11682afd1689,ONLINE,7912.466391,False,False
S1A_IW_SLC__1SDV_20181217T145249_20181217T145317_025066_02C419_70E7.zip,2018-12-17T14:52:49.842Z,2018-12-17T14:53:17.727Z,S1A,IW,25066,144,"POLYGON ((53.656433 -21.290903, 54.08588 -22.96719, 56.497833 -22.397476, 56.038677 -20.730129, 53.656433 -21.290903))",ASCENDING,SLC,VV,VH,,,Copernicus,https://catalogue.dataspace.copernicus.eu/download/29e98b29-f303-59d7-a59e-d12a70b57318,ONLINE,7911.935616,False,False
S1A_IW_SLC__1SDV_20181205T145250_20181205T145318_024891_02BDCA_E20A.zip,2018-12-05T14:52:50.498Z,2018-12-05T14:53:18.388Z,S1A,IW,24891,144,"POLYGON ((53.654804 -21.29162, 54.084267 -22.968161, 56.496296 -22.398495, 56.037113 -20.730896, 53.654804 -21.29162))",ASCENDING,SLC,VV,VH,,,Copernicus,https://catalogue.dataspace.copernicus.eu/download/c332d0df-7790-501f-b7e2-8be6af5c4187,ONLINE,7912.260527,False,False
S1A_IW_SLC__1SDV_20181123T145250_20181123T145318_024716_02B7E0_FA5D.zip,2018-11-23T14:52:50.766Z,2018-11-23T14:53:18.652Z,S1A,IW,24716,144,"POLYGON ((53.655205 -21.290565, 56.037479 -20.729849, 56.496586 -22.397203, 54.084595 -22.966862, 53.655205 -21.290565))",ASCENDING,SLC,VV,VH,,,Copernicus,https://catalogue.dataspace.copernicus.eu/download/6a68d6b1-1ca2-505b-80c8-280e942d9700,ONLINE,0.0,False,False
S1A_IW_SLC__1SDV_20181111T145251_20181111T145318_024541_02B170_829B.zip,2018-11-11T14:52:51.077Z,2018-11-11T14:53:18.946Z,S1A,IW,24541,144,"POLYGON ((53.655178 -21.291983, 56.037487 -20.731232, 56.496342 -22.397598, 54.084335 -22.967285, 53.655178 -21.291983))",ASCENDING,SLC,VV,VH,,,Copernicus,https://catalogue.dataspace.copernicus.eu/download/178613ec-7686-5f77-8522-784767a6d9b1,ONLINE,0.0,False,False
S1A_IW_SLC__1SDV_20181030T145251_20181030T145319_024366_02AB17_E0D8.zip,2018-10-30T14:52:51.332Z,2018-10-30T14:53:19.220Z,S1A,IW,24366,144,"POLYGON ((53.655098 -21.290777, 56.037384 -20.729988, 56.496571 -22.397455, 54.084564 -22.967186, 53.655098 -21.290777))",ASCENDING,SLC,VV,VH,,,Copernicus,https://catalogue.dataspace.copernicus.eu/download/43e29f82-0627-5754-ba85-07d6893cbe34,ONLINE,0.0,False,False
S1A_IW_SLC__1SDV_20181018T145251_20181018T145319_024191_02A577_FD48.zip,2018-10-18T14:52:51.441Z,2018-10-18T14:53:19.329Z,S1A,IW,24191,144,"POLYGON ((53.654984 -21.290556, 56.037277 -20.729763, 56.49646 -22.397232, 54.084438 -22.966969, 53.654984 -21.290556))",ASCENDING,SLC,VV,VH,,,Copernicus,https://catalogue.dataspace.copernicus.eu/download/ec307e97-9222-5db1-8122-34ac99481b16,ONLINE,0.0,False,False
S1A_IW_SLC__1SDV_20181006T145251_20181006T145319_024016_029FC1_B0C9.zip,2018-10-06T14:52:51.142Z,2018-10-06T14:53:19.026Z,S1A,IW,24016,144,"POLYGON ((53.655537 -21.290936, 56.037907 -20.730162, 56.496986 -22.397385, 54.084892 -22.967102, 53.655537 -21.290936))",ASCENDING,SLC,VV,VH,,,Copernicus,https://catalogue.dataspace.copernicus.eu/download/23094369-1edf-50fc-b1cb-dd230639f02e,ONLINE,0.0,False,False
S1A_IW_SLC__1SDV_20180924T145250_20180924T145318_023841_029A0A_723F.zip,2018-09-24T14:52:50.941Z,2018-09-24T14:53:18.831Z,S1A,IW,23841,144,"POLYGON ((53.654907 -21.290613, 56.037334 -20.729858, 56.496487 -22.397451, 54.08432 -22.967154, 53.654907 -21.290613))",ASCENDING,SLC,VV,VH,,,Copernicus,https://catalogue.dataspace.copernicus.eu/download/7b098a78-5315-5a8b-aefa-8ace37b7324e,ONLINE,0.0,False,False
S1A_IW_SLC__1SDV_20180912T145250_20180912T145318_023666_029455_B3E8.zip,2018-09-12T14:52:50.608Z,2018-09-12T14:53:18.479Z,S1A,IW,23666,144,"POLYGON ((53.655231 -21.292404, 56.03783 -20.731579, 56.4967 -22.398052, 54.084377 -22.967817, 53.655231 -21.292404))",ASCENDING,SLC,VV,VH,,,Copernicus,https://catalogue.dataspace.copernicus.eu/download/6f55ed3e-0701-5416-9b9b-dfc39df7354a,ONLINE,0.0,False,False
S1A_IW_SLC__1SDV_20180831T145250_20180831T145318_023491_028EBE_C209.zip,2018-08-31T14:52:50.260Z,2018-08-31T14:53:18.149Z,S1A,IW,23491,144,"POLYGON ((53.654091 -21.290733, 56.036655 -20.729916, 56.495823 -22.397495, 54.083519 -22.96726, 53.654091 -21.290733))",ASCENDING,SLC,VV,VH,,,Copernicus,https://catalogue.dataspace.copernicus.eu/download/bd28b9eb-2899-5ee3-a417-391cee7e8c23,ONLINE,0.0,False,False
S1A_IW_SLC__1SDV_20180819T145249_20180819T145317_023316_02892F_AE70.zip,2018-08-19T14:52:49.499Z,2018-08-19T14:53:17.380Z,S1A,IW,23316,144,"POLYGON ((53.654808 -21.290899, 56.037346 -20.730051, 56.496407 -22.397133, 54.084137 -22.966927, 53.654808 -21.290899))",ASCENDING,SLC,VV,VH,,,Copernicus,https://catalogue.dataspace.copernicus.eu/download/e514cca3-90a9-5df1-bc0e-688fece70e90,ONLINE,0.0,False,False
S1A_IW_SLC__1SDV_20180807T145248_20180807T145316_023141_028381_DF8E.zip,2018-08-07T14:52:48.755Z,2018-08-07T14:53:16.649Z,S1A,IW,23141,144,"POLYGON ((53.654926 -21.291182, 56.037411 -20.730387, 56.496647 -22.398218, 54.084419 -22.967962, 53.654926 -21.291182))",ASCENDING,SLC,VV,VH,,,Copernicus,https://catalogue.dataspace.copernicus.eu/download/1f418775-6a86-5a6f-a005-ca8832bba447,ONLINE,0.0,False,False
S1A_IW_SLC__1SDV_20180726T145248_20180726T145316_022966_027E0B_FD3B.zip,2018-07-26T14:52:48.105Z,2018-07-26T14:53:16.000Z,S1A,IW,22966,144,"POLYGON ((53.654541 -21.290457, 56.037086 -20.729666, 56.496338 -22.397617, 54.084045 -22.967358, 53.654541 -21.290457))",ASCENDING,SLC,VV,VH,,,Copernicus,https://catalogue.dataspace.copernicus.eu/download/56e4872b-022d-5310-9d8b-7f1c1c63a940,ONLINE,0.0,False,False
S1A_IW_SLC__1SDV_20180714T145247_20180714T145315_022791_027883_063C.zip,2018-07-14T14:52:47.379Z,2018-07-14T14:53:15.267Z,S1A,IW,22791,144,"POLYGON ((53.654915 -21.291601, 56.037445 -20.73082, 56.496563 -22.398287, 54.08429 -22.968012, 53.654915 -21.291601))",ASCENDING,SLC,VV,VH,,,Copernicus,https://catalogue.dataspace.copernicus.eu/download/bcf829df-26d6-5853-9e60-495a88af5a2d,ONLINE,0.0,False,False
S1A_IW_SLC__1SDV_20180702T145246_20180702T145314_022616_027348_B253.zip,2018-07-02T14:52:46.557Z,2018-07-02T14:53:14.439Z,S1A,IW,22616,144,"POLYGON ((53.655624 -21.291771, 56.038143 -20.73097, 56.497181 -22.398064, 54.084927 -22.967808, 53.655624 -21.291771))",ASCENDING,SLC,VV,VH,,,Copernicus,https://catalogue.dataspace.copernicus.eu/download/9cb6df25-7111-56ff-a3d8-cbfd9e21a3c7,ONLINE,0.0,False,False
S1A_IW_SLC__1SDV_20180620T145245_20180620T145313_022441_026E30_2C1D.zip,2018-06-20T14:52:45.976Z,2018-06-20T14:53:13.860Z,S1A,IW,22441,144,"POLYGON ((53.655258 -21.29228, 56.037949 -20.731413, 56.49704 -22.398611, 54.084614 -22.968424, 53.655258 -21.29228))",ASCENDING,SLC,VV,VH,,,Copernicus,https://catalogue.dataspace.copernicus.eu/download/5876a5ed-83ed-556e-aaba-a443198657e9,ONLINE,0.0,False,False
S1A_IW_SLC__1SDV_20180608T145245_20180608T145313_022266_0268DA_E212.zip,2018-06-08T14:52:45.257Z,2018-06-08T14:53:13.132Z,S1A,IW,22266,144,"POLYGON ((53.655285 -21.292227, 54.084515 -22.967888, 56.496799 -22.398104, 56.037842 -20.731386, 53.655285 -21.292227))",ASCENDING,SLC,VV,VH,,,Copernicus,https://catalogue.dataspace.copernicus.eu/download/a3304b9d-c8b3-5431-8ea4-1631ff5e24f5,ONLINE,7912.042296,False,False
S1A_IW_SLC__1SDV_20180527T145244_20180527T145312_022091_02635B_71DA.zip,2018-05-27T14:52:44.525Z,2018-05-27T14:53:12.391Z,S1A,IW,22091,144,"POLYGON ((53.654938 -21.292223, 54.084019 -22.967398, 56.496231 -22.397657, 56.037434 -20.731422, 53.654938 -21.292223))",ASCENDING,SLC,VV,VH,,,Copernicus,https://catalogue.dataspace.copernicus.eu/download/ca5a71c6-cfb4-5e27-ad64-aa1aebc29e0a,ONLINE,7912.254956,False,False
S1A_IW_SLC__1SDV_20180515T145243_20180515T145311_021916_025DD0_D9F5.zip,2018-05-15T14:52:43.825Z,2018-05-15T14:53:11.704Z,S1A,IW,21916,144,"POLYGON ((53.654396 -21.292397, 54.083652 -22.968311, 56.495903 -22.398592, 56.036915 -20.731619, 53.654396 -21.292397))",ASCENDING,SLC,VV,VH,,,Copernicus,https://catalogue.dataspace.copernicus.eu/download/0fd2f9b5-1b8e-55e7-9630-8d9cfa518758,ONLINE,7912.294227,False,False
S1A_IW_SLC__1SDV_20180503T145243_20180503T145311_021741_025832_B3B2.zip,2018-05-03T14:52:43.134Z,2018-05-03T14:53:11.013Z,S1A,IW,21741,144,"POLYGON ((53.654953 -21.291445, 54.084209 -22.967356, 56.496529 -22.397606, 56.03754 -20.730639, 53.654953 -21.291445))",ASCENDING,SLC,VV,VH,,,Copernicus,https://catalogue.dataspace.copernicus.eu/download/4d4f4fc2-dc43-5095-914c-0527109d25d9,ONLINE,7912.150194,False,False
S1A_IW_SLC__1SDV_20180103T145242_20180103T145310_019991_0220D9_C31F.zip,2018-01-03T14:52:42.489Z,2018-01-03T14:53:10.372Z,S1A,IW,19991,144,"POLYGON ((53.655579 -21.290878, 54.084938 -22.967049, 56.496925 -22.397394, 56.037853 -20.730164, 53.655579 -21.290878))",ASCENDING,SLC,VV,VH,,,Copernicus,https://catalogue.dataspace.copernicus.eu/download/c414d72a-1b56-5643-9056-9e0b53f63f23,ONLINE,7911.934894,False,False
S1A_IW_SLC__1SDV_20171222T145242_20171222T145310_019816_021B54_B019.zip,2017-12-22T14:52:42.948Z,2017-12-22T14:53:10.842Z,S1A,IW,19816,144,"POLYGON ((53.655849 -21.290062, 54.085388 -22.966846, 56.497356 -22.397163, 56.038097 -20.729322, 53.655849 -21.290062))",ASCENDING,SLC,VV,VH,,,Copernicus,https://catalogue.dataspace.copernicus.eu/download/a4b20775-0531-53d3-8472-16871fe6a090,ONLINE,7911.879647,False,False
S1A_IW_SLC__1SDV_20171210T145243_20171210T145311_019641_0215F2_F4C8.zip,2017-12-10T14:52:43.597Z,2017-12-10T14:53:11.487Z,S1A,IW,19641,144,"POLYGON ((53.655773 -21.290108, 54.085274 -22.96664, 56.497276 -22.396912, 56.038055 -20.729322, 53.655773 -21.290108))",ASCENDING,SLC,VV,VH,,,Copernicus,https://catalogue.dataspace.copernicus.eu/download/29e14e98-b00f-558f-8fe4-41b0cb3dd90a,ONLINE,7911.65271,False,False
S1A_IW_SLC__1SDV_20171011T145302_20171011T145329_018766_01FAC6_2C02.zip,2017-10-11T14:53:02.133Z,2017-10-11T14:53:29.073Z,S1A,IW,18766,144,"POLYGON ((53.427551 -20.290098, 53.836933 -21.910282, 56.205223 -21.351866, 55.769016 -19.739996, 53.427551 -20.290098))",ASCENDING,SLC,VV,VH,,,Copernicus,https://catalogue.dataspace.copernicus.eu/download/a0076146-a07c-57f0-81f1-20fa1b404e8e,ONLINE,7482.882334,False,False
S1A_IW_SLC__1SDV_20171011T145236_20171011T145304_018766_01FAC6_3EA7.zip,2017-10-11T14:52:36.368Z,2017-10-11T14:53:04.250Z,S1A,IW,18766,144,"POLYGON ((53.804432 -21.782997, 54.237152 -23.45853, 56.633423 -22.891798, 56.170525 -21.225248, 53.804432 -21.782997))",ASCENDING,SLC,VV,VH,,,Copernicus,https://catalogue.dataspace.copernicus.eu/download/ac6cece4-827d-59da-9542-6098875b8b0c,ONLINE,7730.931837,False,False
S1A_IW_SLC__1SDV_20170929T145301_20170929T145328_018591_01F577_7587.zip,2017-09-29T14:53:01.934Z,2017-09-29T14:53:28.870Z,S1A,IW,18591,144,"POLYGON ((53.427433 -20.29047, 53.836739 -21.910406, 56.205128 -21.351973, 55.768993 -19.740353, 53.427433 -20.29047))",ASCENDING,SLC,VV,VH,,,Copernicus,https://catalogue.dataspace.copernicus.eu/download/23ed532f-ae0e-5092-8365-3f4c3ac52766,ONLINE,7483.081186,False,False
S1A_IW_SLC__1SDV_20170929T145236_20170929T145304_018591_01F577_C29E.zip,2017-09-29T14:52:36.166Z,2017-09-29T14:53:04.043Z,S1A,IW,18591,144,"POLYGON ((53.804367 -21.783615, 54.237015 -23.458899, 56.633389 -22.892147, 56.170563 -21.225847, 53.804367 -21.783615))",ASCENDING,SLC,VV,VH,,,Copernicus,https://catalogue.dataspace.copernicus.eu/download/a5d51175-571f-5577-9fd7-c326f3cbf8d6,ONLINE,7731.06744,False,False
S1A_IW_SLC__1SDV_20170917T145244_20170917T145312_018416_01F020_566C.zip,2017-09-17T14:52:44.176Z,2017-09-17T14:53:12.066Z,S1A,IW,18416,144,"POLYGON ((53.654518 -21.290903, 54.083958 -22.96744, 56.496101 -22.397718, 56.036926 -20.730129, 53.654518 -21.290903))",ASCENDING,SLC,VV,VH,,,Copernicus,https://catalogue.dataspace.copernicus.eu/download/a682edbb-acc2-5f05-9734-3585925445fa,ONLINE,7912.298982,False,False
S1A_IW_SLC__1SDV_20170905T145243_20170905T145311_018241_01EAAC_066D.zip,2017-09-05T14:52:43.648Z,2017-09-05T14:53:11.539Z,S1A,IW,18241,144,"POLYGON ((53.655006 -21.290964, 54.084454 -22.967627, 56.496624 -22.397923, 56.037437 -20.730207, 53.655006 -21.290964))",ASCENDING,SLC,VV,VH,,,Copernicus,https://catalogue.dataspace.copernicus.eu/download/e4dd1b1c-774e-591f-acaa-dc402818c5b6,ONLINE,7911.910951,False,False
S1A_IW_SLC__1SDV_20170824T145243_20170824T145311_018066_01E558_81FD.zip,2017-08-24T14:52:43.293Z,2017-08-24T14:53:11.181Z,S1A,IW,18066,144,"POLYGON ((53.654598 -21.290119, 54.083969 -22.966539, 56.496078 -22.396852, 56.036972 -20.729378, 53.654598 -21.290119))",ASCENDING,SLC,VV,VH,,,Copernicus,https://catalogue.dataspace.copernicus.eu/download/b9354fd5-33c5-5a0f-b216-5df2a5e34ad5,ONLINE,7911.444853,False,False
S1A_IW_SLC__1SDV_20170812T145242_20170812T145310_017891_01E00E_2A2B.zip,2017-08-12T14:52:42.654Z,2017-08-12T14:53:10.540Z,S1A,IW,17891,144,"POLYGON ((53.654297 -21.290205, 54.083668 -22.966486, 56.495899 -22.396729, 56.036793 -20.729393, 53.654297 -21.290205))",ASCENDING,SLC,VV,VH,,,Copernicus,https://catalogue.dataspace.copernicus.eu/download/c808632f-3d38-546a-9d94-8b556cbd2b91,ONLINE,7911.788159,False,False
S1A_IW_SLC__1SDV_20170731T145242_20170731T145309_017716_01DABE_D069.zip,2017-07-31T14:52:42.072Z,2017-07-31T14:53:09.960Z,S1A,IW,17716,144,"POLYGON ((53.654507 -21.290962, 54.083916 -22.967369, 56.496132 -22.397615, 56.036987 -20.730154, 53.654507 -21.290962))",ASCENDING,SLC,VV,VH,,,Copernicus,https://catalogue.dataspace.copernicus.eu/download/a76b4236-601a-55ba-a1bc-a04b7f8a6421,ONLINE,7911.986881,False,False
S1A_IW_SLC__1SDV_20170719T145241_20170719T145309_017541_01D564_71B9.zip,2017-07-19T14:52:41.179Z,2017-07-19T14:53:09.067Z,S1A,IW,17541,144,"POLYGON ((53.654881 -21.290802, 54.084278 -22.967201, 56.496609 -22.397425, 56.037468 -20.729973, 53.654881 -21.290802))",ASCENDING,SLC,VV,VH,,,Copernicus,https://catalogue.dataspace.copernicus.eu/download/3c6c8cee-87e0-5835-92ff-3d173a204628,ONLINE,7911.801368,False,False
S1A_IW_SLC__1SDV_20170707T145240_20170707T145308_017366_01D009_63F0.zip,2017-07-07T14:52:40.476Z,2017-07-07T14:53:08.362Z,S1A,IW,17366,144,"POLYGON ((53.655003 -21.29203, 54.084347 -22.968313, 56.496685 -22.398577, 56.037601 -20.731237, 53.655003 -21.29203))",ASCENDING,SLC,VV,VH,,,Copernicus,https://catalogue.dataspace.copernicus.eu/download/ad69ee18-c376-59fc-8450-2e979afb1861,ONLINE,7912.051259,False,False
S1A_IW_SLC__1SDV_20170625T145239_20170625T145307_017191_01CAC8_1F8C.zip,2017-06-25T14:52:39.999Z,2017-06-25T14:53:07.886Z,S1A,IW,17191,144,"POLYGON ((53.654499 -21.291611, 54.08387 -22.968023, 56.49612 -22.398308, 56.037006 -20.730839, 53.654499 -21.291611))",ASCENDING,SLC,VV,VH,,,Copernicus,https://catalogue.dataspace.copernicus.eu/download/7ca2d198-5573-55d4-8403-6aa4b4301b97,ONLINE,7912.186906,False,False
S1A_IW_SLC__1SDV_20170613T145239_20170613T145307_017016_01C571_69FB.zip,2017-06-13T14:52:39.250Z,2017-06-13T14:53:07.135Z,S1A,IW,17016,144,"POLYGON ((53.654591 -21.290548, 54.083954 -22.966829, 56.496185 -22.397087, 56.037086 -20.72975, 53.654591 -21.290548))",ASCENDING,SLC,VV,VH,,,Copernicus,https://catalogue.dataspace.copernicus.eu/download/81f93cb0-7359-5e7c-9d19-0f627b2aa720,ONLINE,7911.678876,False,False
S1A_IW_SLC__1SDV_20170601T145238_20170601T145306_016841_01C003_EF2A.zip,2017-06-01T14:52:38.501Z,2017-06-01T14:53:06.376Z,S1A,IW,16841,144,"POLYGON ((53.655525 -21.291435, 54.084763 -22.967098, 56.496979 -22.397318, 56.038013 -20.730597, 53.655525 -21.291435))",ASCENDING,SLC,VV,VH,,,Copernicus,https://catalogue.dataspace.copernicus.eu/download/b7f320c6-630f-57d1-a54a-dbf86aa8f2db,ONLINE,7911.943784,False,False
S1A_IW_SLC__1SDV_20170520T145237_20170520T145305_016666_01BA9E_E7B0.zip,2017-05-20T14:52:37.843Z,2017-05-20T14:53:05.733Z,S1A,IW,16666,144,"POLYGON ((53.654556 -21.291651, 54.084 -22.968178, 56.496269 -22.398411, 56.037083 -20.730829, 53.654556 -21.291651))",ASCENDING,SLC,VV,VH,,,Copernicus,https://catalogue.dataspace.copernicus.eu/download/6609b732-82d4-56cd-b391-36cd5c0f97a0,ONLINE,7911.95966,False,False
S1A_IW_SLC__1SDV_20170508T145237_20170508T145305_016491_01B545_EC35.zip,2017-05-08T14:52:37.308Z,2017-05-08T14:53:05.196Z,S1A,IW,16491,144,"POLYGON ((53.653709 -21.290676, 54.083092 -22.967089, 56.49527 -22.397369, 56.036148 -20.729902, 53.653709 -21.290676))",ASCENDING,SLC,VV,VH,,,Copernicus,https://catalogue.dataspace.copernicus.eu/download/114251e9-9075-5b12-a012-51af844f051f,ONLINE,7911.755903,False,False
S1A_IW_SLC__1SDV_20170426T145236_20170426T145304_016316_01AFF4_3EBE.zip,2017-04-26T14:52:36.363Z,2017-04-26T14:53:04.257Z,S1A,IW,16316,144,"POLYGON ((53.654545 -21.290699, 54.084011 -22.967478, 56.496307 -22.397758, 56.037098 -20.729925, 53.654545 -21.290699))",ASCENDING,SLC,VV,VH,,,Copernicus,https://catalogue.dataspace.copernicus.eu/download/8d1e5184-5ce1-5b96-ae71-9ead078241cd,ONLINE,7912.134877,False,False
S1A_IW_SLC__1SDV_20170414T145236_20170414T145303_016141_01AA9A_EC74.zip,2017-04-14T14:52:36.026Z,2017-04-14T14:53:03.910Z,S1A,IW,16141,144,"POLYGON ((53.654343 -21.29117, 54.083683 -22.967329, 56.495945 -22.397566, 56.036865 -20.730352, 53.654343 -21.29117))",ASCENDING,SLC,VV,VH,,,Copernicus,https://catalogue.dataspace.copernicus.eu/download/15012629-be60-5428-8d81-3240440fc72c,ONLINE,7911.822629,False,False
S1A_IW_SLC__1SDV_20170402T145235_20170402T145303_015966_01A545_4063.zip,2017-04-02T14:52:35.490Z,2017-04-02T14:53:03.364Z,S1A,IW,15966,144,"POLYGON ((53.654766 -21.292501, 54.083969 -22.968027, 56.496403 -22.398209, 56.037472 -20.731627, 53.654766 -21.292501))",ASCENDING,SLC,VV,VH,,,Copernicus,https://catalogue.dataspace.copernicus.eu/download/7711d88c-669c-5277-a42a-fcbf1e477cd2,ONLINE,7911.949106,False,False
S1A_IW_SLC__1SDV_20170321T145235_20170321T145302_015791_01A015_8070.zip,2017-03-21T14:52:35.073Z,2017-03-21T14:53:02.961Z,S1A,IW,15791,144,"POLYGON ((53.65522 -21.291147, 54.084656 -22.967541, 56.496983 -22.397741, 56.037811 -20.730293, 53.65522 -21.291147))",ASCENDING,SLC,VV,VH,,,Copernicus,https://catalogue.dataspace.copernicus.eu/download/8c914c8f-1709-5d38-ba1b-b643ed6b43e1,ONLINE,7911.670061,False,False
S1A_IW_SLC__1SDV_20170309T145234_20170309T145302_015616_019ADF_0AF2.zip,2017-03-09T14:52:34.857Z,2017-03-09T14:53:02.742Z,S1A,IW,15616,144,"POLYGON ((53.654716 -21.290606, 54.084095 -22.966885, 56.496338 -22.397146, 56.037235 -20.729811, 53.654716 -21.290606))",ASCENDING,SLC,VV,VH,,,Copernicus,https://catalogue.dataspace.copernicus.eu/download/7516909f-b8b0-5c91-960f-66cd97fd03c9,ONLINE,7911.762774,False,False
S1A_IW_SLC__1SDV_20170225T145234_20170225T145302_015441_019593_0CD2.zip,2017-02-25T14:52:34.810Z,2017-02-25T14:53:02.696Z,S1A,IW,15441,144,"POLYGON ((53.654484 -21.290545, 54.083858 -22.966831, 56.495991 -22.397137, 56.036892 -20.729792, 53.654484 -21.290545))",ASCENDING,SLC,VV,VH,,,Copernicus,https://catalogue.dataspace.copernicus.eu/download/6dd297d8-1021-524d-a257-cd05372e797a,ONLINE,7911.666324,False,False
S1A_IW_SLC__1SDV_20170213T145234_20170213T145302_015266_01903C_15A5.zip,2017-02-13T14:52:34.877Z,2017-02-13T14:53:02.765Z,S1A,IW,15266,144,"POLYGON ((53.654694 -21.290718, 54.084122 -22.967131, 56.496162 -22.397442, 56.03701 -20.729973, 53.654694 -21.290718))",ASCENDING,SLC,VV,VH,,,Copernicus,https://catalogue.dataspace.copernicus.eu/download/f656bbfe-b502-5128-a0de-1b08df9b8484,ONLINE,7911.681074,False,False
S1A_IW_SLC__1SDV_20170201T145235_20170201T145303_015091_018ABB_C4D5.zip,2017-02-01T14:52:35.115Z,2017-02-01T14:53:03.001Z,S1A,IW,15091,144,"POLYGON ((53.655575 -21.290779, 54.085014 -22.967062, 56.497017 -22.397327, 56.037861 -20.729986, 53.655575 -21.290779))",ASCENDING,SLC,VV,VH,,,Copernicus,https://catalogue.dataspace.copernicus.eu/download/d65f972a-19c6-579d-9ba4-8dd3bada8fa5,ONLINE,7912.175235,False,False
S1A_IW_SLC__1SDV_20170120T145235_20170120T145303_014916_018576_0366.zip,2017-01-20T14:52:35.330Z,2017-01-20T14:53:03.220Z,S1A,IW,14916,144,"POLYGON ((53.655781 -21.290123, 54.085285 -22.966652, 56.497299 -22.396912, 56.038074 -20.729326, 53.655781 -21.290123))",ASCENDING,SLC,VV,VH,,,Copernicus,https://catalogue.dataspace.copernicus.eu/download/1e847cd2-6d53-59eb-9b7f-afe083363676,ONLINE,7911.548749,False,False
S1A_IW_SLC__1SDV_20170108T145235_20170108T145303_014741_017FF4_8ACD.zip,2017-01-08T14:52:35.778Z,2017-01-08T14:53:03.653Z,S1A,IW,14741,144,"POLYGON ((53.655632 -21.290678, 54.0849 -22.966351, 56.496841 -22.39666, 56.037872 -20.729925, 53.655632 -21.290678))",ASCENDING,SLC,VV,VH,,,Copernicus,https://catalogue.dataspace.copernicus.eu/download/94657e63-f8e4-590d-8528-7a38a4dd8921,ONLINE,7911.749684,False,False
S1A_IW_SLC__1SDV_20161227T145237_20161227T145305_014566_017AA6_CC90.zip,2016-12-27T14:52:37.367Z,2016-12-27T14:53:05.244Z,S1A,IW,14566,144,"POLYGON ((53.654659 -21.291445, 54.083935 -22.967243, 56.495918 -22.397583, 56.036938 -20.730721, 53.654659 -21.291445))",ASCENDING,SLC,VV,VH,,,Copernicus,https://catalogue.dataspace.copernicus.eu/download/dad1a7de-60f8-522a-b644-85da0075dba5,ONLINE,7911.819775,False,False
S1A_IW_SLC__1SDV_20161215T145237_20161215T145305_014391_017538_EE75.zip,2016-12-15T14:52:37.628Z,2016-12-15T14:53:05.510Z,S1A,IW,14391,144,"POLYGON ((53.654682 -21.290455, 54.084011 -22.966499, 56.496002 -22.396839, 56.036964 -20.729733, 53.654682 -21.290455))",ASCENDING,SLC,VV,VH,,,Copernicus,https://catalogue.dataspace.copernicus.eu/download/4b707f4a-edbc-5324-9fe4-2d15d4ae6fa4,ONLINE,7911.582443,False,False
S1A_IW_SLC__1SDV_20161203T145238_20161203T145305_014216_016FA8_B834.zip,2016-12-03T14:52:38.098Z,2016-12-03T14:53:05.996Z,S1A,IW,14216,144,"POLYGON ((53.654709 -21.29089, 54.084316 -22.96792, 56.496338 -22.398222, 56.036999 -20.730137, 53.654709 -21.29089))",ASCENDING,SLC,VV,VH,,,Copernicus,https://catalogue.dataspace.copernicus.eu/download/f3a7b52a-e9e3-5e74-ae97-ab94f4a340ba,ONLINE,7911.813941,False,False
S1A_IW_SLC__1SDV_20161109T145238_20161109T145306_013866_0164E0_3273.zip,2016-11-09T14:52:38.632Z,2016-11-09T14:53:06.516Z,S1A,IW,13866,144,"POLYGON ((53.655457 -21.291323, 54.084858 -22.967485, 56.496853 -22.397768, 56.037735 -20.730547, 53.655457 -21.291323))",ASCENDING,SLC,VV,VH,,,Copernicus,https://catalogue.dataspace.copernicus.eu/download/c24ef523-dabe-5a23-b853-57d72f18789b,ONLINE,7911.79463,False,False
S1A_IW_SLC__1SDV_20161028T145238_20161028T145306_013691_015F5C_1B65.zip,2016-10-28T14:52:38.889Z,2016-10-28T14:53:06.783Z,S1A,IW,13691,144,"POLYGON ((53.654919 -21.29108, 54.084446 -22.967865, 56.496494 -22.398174, 56.037239 -20.730331, 53.654919 -21.29108))",ASCENDING,SLC,VV,VH,,,Copernicus,https://catalogue.dataspace.copernicus.eu/download/db8ff2d2-eb21-5a08-af97-a55d084c2049,ONLINE,7911.929508,False,False
S1A_IW_SLC__1SDV_20161016T145238_20161016T145306_013516_0159F3_7107.zip,2016-10-16T14:52:38.768Z,2016-10-16T14:53:06.662Z,S1A,IW,13516,144,"POLYGON ((53.654869 -21.289745, 54.084373 -22.966532, 56.496403 -22.396856, 56.037174 -20.729015, 53.654869 -21.289745))",ASCENDING,SLC,VV,VH,,,Copernicus,https://catalogue.dataspace.copernicus.eu/download/31002b81-2509-5831-a061-f8437c12ab6c,ONLINE,7911.584691,False,False
S1A_IW_SLC__1SDV_20161004T145238_20161004T145306_013341_015469_EC79.zip,2016-10-04T14:52:38.747Z,2016-10-04T14:53:06.636Z,S1A,IW,13341,144,"POLYGON ((53.654678 -21.290215, 54.084118 -22.966755, 56.496143 -22.397074, 56.036976 -20.729477, 53.654678 -21.290215))",ASCENDING,SLC,VV,VH,,,Copernicus,https://catalogue.dataspace.copernicus.eu/download/8bb59e07-1f80-5814-a795-a611d62855bd,ONLINE,7911.582947,False,False
S1A_IW_SLC__1SDV_20160910T145238_20160910T145306_012991_014904_B493.zip,2016-09-10T14:52:38.211Z,2016-09-10T14:53:06.097Z,S1A,IW,12991,144,"POLYGON ((53.654877 -21.290174, 54.08427 -22.966457, 56.496403 -22.396702, 56.037273 -20.729362, 53.654877 -21.290174))",ASCENDING,SLC,VV,VH,,,Copernicus,https://catalogue.dataspace.copernicus.eu/download/f4db3250-6db0-5fcd-961c-e9ec1de788f9,ONLINE,7911.342149,False,False
S1A_IW_SLC__1SDV_20160829T145237_20160829T145305_012816_014364_F864.zip,2016-08-29T14:52:37.707Z,2016-08-29T14:53:05.591Z,S1A,IW,12816,144,"POLYGON ((53.655235 -21.2899, 54.084572 -22.966064, 56.496677 -22.396343, 56.037613 -20.729122, 53.655235 -21.2899))",ASCENDING,SLC,VV,VH,,,Copernicus,https://catalogue.dataspace.copernicus.eu/download/6924f69e-3697-56c9-a4cc-7fd3d7ecb248,ONLINE,7911.791639,False,False
S1A_IW_SLC__1SDV_20160724T145235_20160724T145303_012291_0131DC_6CCD.zip,2016-07-24T14:52:35.937Z,2016-07-24T14:53:03.816Z,S1A,IW,12291,144,"POLYGON ((53.654942 -21.290442, 54.084217 -22.966358, 56.496361 -22.396626, 56.037357 -20.729652, 53.654942 -21.290442))",ASCENDING,SLC,VV,VH,,,Copernicus,https://catalogue.dataspace.copernicus.eu/download/93ed4ef3-e7a5-5528-b408-c7d029483e4d,ONLINE,7911.780482,False,False
S1A_IW_SLC__1SDV_20160712T145235_20160712T145303_012116_012C38_0728.zip,2016-07-12T14:52:35.185Z,2016-07-12T14:53:03.071Z,S1A,IW,12116,144,"POLYGON ((53.655159 -21.291178, 54.084549 -22.967455, 56.496826 -22.397669, 56.037701 -20.730335, 53.655159 -21.291178))",ASCENDING,SLC,VV,VH,,,Copernicus,https://catalogue.dataspace.copernicus.eu/download/057b24a3-b7f7-57ba-ade2-d623734a1907,ONLINE,7912.152272,False,False
S1A_IW_SLC__1SDV_20160630T145234_20160630T145302_011941_012672_E4AA.zip,2016-06-30T14:52:34.608Z,2016-06-30T14:53:02.496Z,S1A,IW,11941,144,"POLYGON ((53.654564 -21.291353, 54.083961 -22.967766, 56.496151 -22.398029, 56.03701 -20.730562, 53.654564 -21.291353))",ASCENDING,SLC,VV,VH,,,Copernicus,https://catalogue.dataspace.copernicus.eu/download/6e1fe9b3-de89-5063-8584-f30a73b5a2bd,ONLINE,7912.128893,False,False
S1A_IW_SLC__1SDV_20160513T145231_20160513T145259_011241_01101A_D01F.zip,2016-05-13T14:52:31.984Z,2016-05-13T14:52:59.880Z,S1A,IW,11241,144,"POLYGON ((53.654728 -21.29096, 54.084282 -22.967855, 56.496532 -22.398067, 56.037231 -20.73012, 53.654728 -21.29096))",ASCENDING,SLC,VV,VH,,,Copernicus,https://catalogue.dataspace.copernicus.eu/download/19ef7eea-765a-5f22-9c20-56303cfacda5,ONLINE,7912.008807,False,False
S1A_IW_SLC__1SDV_20160501T145228_20160501T145256_011066_010A94_2725.zip,2016-05-01T14:52:28.464Z,2016-05-01T14:52:56.350Z,S1A,IW,11066,144,"POLYGON ((53.696747 -21.457544, 54.127125 -23.133684, 56.542484 -22.563013, 56.0821 -20.895861, 53.696747 -21.457544))",ASCENDING,SLC,VV,VH,,,Copernicus,https://catalogue.dataspace.copernicus.eu/download/f0e4126b-c293-5e34-a5d0-8ddc82d12a04,ONLINE,7912.019482,False,False
S1A_IW_SLC__1SDV_20160326T145227_20160326T145254_010541_00FAA3_B38C.zip,2016-03-26T14:52:27.038Z,2016-03-26T14:52:54.926Z,S1A,IW,10541,144,"POLYGON ((53.695999 -21.457251, 54.1264 -23.133511, 56.541824 -22.562838, 56.081417 -20.895565, 53.695999 -21.457251))",ASCENDING,SLC,VV,VH,,,Copernicus,https://catalogue.dataspace.copernicus.eu/download/5a84f6d2-140e-5549-8d1c-6619d8fd25cb,ONLINE,7911.751561,False,False
S1A_IW_SLC__1SDV_20160314T145226_20160314T145254_010366_00F5CC_D10A.zip,2016-03-14T14:52:26.674Z,2016-03-14T14:52:54.560Z,S1A,IW,10366,144,"POLYGON ((53.697243 -21.457315, 54.127655 -23.133448, 56.543003 -22.562746, 56.082588 -20.895599, 53.697243 -21.457315))",ASCENDING,SLC,VV,VH,,,Copernicus,https://catalogue.dataspace.copernicus.eu/download/557a1fbe-ecdd-5e1c-a66b-e32b13ae341b,ONLINE,7911.950948,False,False
S1A_IW_SLC__1SDV_20160207T145226_20160207T145254_009841_00E691_434C.zip,2016-02-07T14:52:26.594Z,2016-02-07T14:52:54.482Z,S1A,IW,9841,144,"POLYGON ((53.696632 -21.456421, 54.127045 -23.1327, 56.54213 -22.56214, 56.08173 -20.894844, 53.696632 -21.456421))",ASCENDING,SLC,VV,VH,,,Copernicus,https://catalogue.dataspace.copernicus.eu/download/3720167c-f948-53ec-a8e1-25e92d675ef2,ONLINE,7911.751771,False,False
S1A_IW_SLC__1SDV_20160126T145226_20160126T145254_009666_00E18B_9AA3.zip,2016-01-26T14:52:26.582Z,2016-01-26T14:52:54.467Z,S1A,IW,9666,144,"POLYGON ((53.698093 -21.457304, 54.12851 -23.133451, 56.543648 -22.56284, 56.083244 -20.895676, 53.698093 -21.457304))",ASCENDING,SLC,VV,VH,,,Copernicus,https://catalogue.dataspace.copernicus.eu/download/9ea6b8ad-c6f1-5605-9c8b-6115071d33c3,ONLINE,7911.842961,False,False
S1A_IW_SLC__1SDV_20151221T145227_20151221T145255_009141_00D26C_2E2A.zip,2015-12-21T14:52:27.962Z,2015-12-21T14:52:55.852Z,S1A,IW,9141,144,"POLYGON ((53.697777 -21.456314, 54.128269 -23.132715, 56.543255 -22.562126, 56.082779 -20.894709, 53.697777 -21.456314))",ASCENDING,SLC,VV,VH,,,Copernicus,https://catalogue.dataspace.copernicus.eu/download/f35df63d-3189-567e-bc59-ad717b24e516,ONLINE,7911.605421,False,False
S1A_IW_SLC__1SDV_20151209T145228_20151209T145256_008966_00CD9F_3AE8.zip,2015-12-09T14:52:28.542Z,2015-12-09T14:52:56.427Z,S1A,IW,8966,144,"POLYGON ((53.696808 -21.45648, 54.127197 -23.132643, 56.54216 -22.562105, 56.081787 -20.894924, 53.696808 -21.45648))",ASCENDING,SLC,VV,VH,,,Copernicus,https://catalogue.dataspace.copernicus.eu/download/c98fa06a-57e8-5774-9faa-d9d803f3b28a,ONLINE,7911.650542,False,False
S1A_IW_SLC__1SDV_20151103T145234_20151103T145301_008441_00BEE8_BDC9.zip,2015-11-03T14:52:34.806Z,2015-11-03T14:53:01.866Z,S1A,IW,8441,144,"POLYGON ((53.626083 -21.175686, 54.041962 -22.802418, 56.450912 -22.233597, 56.006413 -20.615509, 53.626083 -21.175686))",ASCENDING,SLC,VV,VH,,,Copernicus,https://catalogue.dataspace.copernicus.eu/download/da04ddbc-3530-5eec-b426-90ab0be0324a,ONLINE,7658.09016,False,False
S1A_IW_SLC__1SDV_20150916T145234_20150916T145301_007741_00AC21_7066.zip,2015-09-16T14:52:34.425Z,2015-09-16T14:53:01.485Z,S1A,IW,7741,144,"POLYGON ((53.625435 -21.174957, 54.041256 -22.801674, 56.450573 -22.232798, 56.006115 -20.614727, 53.625435 -21.174957))",ASCENDING,SLC,VV,VH,,,Copernicus,https://catalogue.dataspace.copernicus.eu/download/df3ac88d-4e12-5f46-b8d8-5ae1b7336033,ONLINE,7658.266031,False,False
S1A_IW_SLC__1SDV_20150904T145234_20150904T145301_007566_00A780_5269.zip,2015-09-04T14:52:34.081Z,2015-09-04T14:53:01.144Z,S1A,IW,7566,144,"POLYGON ((53.625282 -21.176023, 54.041199 -22.80298, 56.450539 -22.234066, 56.005981 -20.615755, 53.625282 -21.176023))",ASCENDING,SLC,VV,VH,,,Copernicus,https://catalogue.dataspace.copernicus.eu/download/dfdc0f63-f279-5ff3-9c40-2721276ab71d,ONLINE,7657.836534,False,False
S1A_IW_SLC__1SDV_20150425T145238_20150425T145308_005641_0073AC_3951.zip,2015-04-25T14:52:38.570Z,2015-04-25T14:53:08.384Z,S1A,IW,5641,144,"POLYGON ((53.440449 -20.339886, 53.894321 -22.132769, 56.259647 -21.574858, 55.775936 -19.791182, 53.440449 -20.339886))",ASCENDING,SLC,VV,VH,,,Copernicus,https://catalogue.dataspace.copernicus.eu/download/ca951c55-fae9-5e27-8eb0-f967b867ff1f,ONLINE,8216.132926,False,False
S1A_IW_SLC__1SDV_20150401T145242_20150401T145301_005291_006B16_4639.zip,2015-04-01T14:52:42.972Z,2015-04-01T14:53:01.760Z,S1A,IW,5291,144,"POLYGON ((53.523117 -20.672073, 53.809078 -21.801903, 56.168751 -21.245777, 55.863983 -20.12175, 53.523117 -20.672073))",ASCENDING,SLC,VV,VH,,,Copernicus,https://catalogue.dataspace.copernicus.eu/download/5a851aaa-14d7-5392-a850-d704be7c9f8f,ONLINE,4930.480572,False,False
S1A_IW_SLC__1SDV_20150320T145242_20150320T145301_005116_006703_5A9F.zip,2015-03-20T14:52:42.811Z,2015-03-20T14:53:01.597Z,S1A,IW,5116,144,"POLYGON ((53.522358 -20.672491, 53.8083 -21.802198, 56.167881 -21.246092, 55.86314 -20.122185, 53.522358 -20.672491))",ASCENDING,SLC,VV,VH,,,Copernicus,https://catalogue.dataspace.copernicus.eu/download/e46684b9-cd8e-5c05-9913-8d82d387a28d,ONLINE,4930.668825,False,False
S1A_IW_SLC__1SDV_20150308T145242_20150308T145301_004941_0062CF_7DCD.zip,2015-03-08T14:52:42.481Z,2015-03-08T14:53:01.579Z,S1A,IW,4941,144,"POLYGON ((53.519478 -20.660824, 53.810184 -21.809319, 56.170532 -21.252991, 55.86071 -20.110394, 53.519478 -20.660824))",ASCENDING,SLC,VV,VH,,,Copernicus,https://catalogue.dataspace.copernicus.eu/download/d2e988d9-746e-585e-abf0-308511da0eb1,ONLINE,5468.300328,False,False
S1A_IW_SLC__1SDV_20150224T145242_20150224T145301_004766_005E92_794D.zip,2015-02-24T14:52:42.264Z,2015-02-24T14:53:01.048Z,S1A,IW,4766,144,"POLYGON ((53.524059 -20.671795, 53.810001 -21.801376, 56.169472 -21.245226, 55.864731 -20.121445, 53.524059 -20.671795))",ASCENDING,SLC,VV,VH,,,Copernicus,https://catalogue.dataspace.copernicus.eu/download/1cd8cc32-5f0e-597e-9be1-2e606f5e4607,ONLINE,4930.498356,False,False
S1A_IW_SLC__1SDV_20150212T145242_20150212T145300_004591_005A6A_AC44.zip,2015-02-12T14:52:42.024Z,2015-02-12T14:53:00.803Z,S1A,IW,4591,144,"POLYGON ((53.525047 -20.672203, 53.810928 -21.801531, 56.170506 -21.245365, 55.865833 -20.121834, 53.525047 -20.672203))",ASCENDING,SLC,VV,VH,,,Copernicus,https://catalogue.dataspace.copernicus.eu/download/bd85538d-a55f-5022-a61b-1d6cf7a2e2d1,ONLINE,4930.516089,False,False
S1A_IW_SLC__1SDV_20150131T145242_20150131T145301_004416_005660_60C7.zip,2015-01-31T14:52:42.775Z,2015-01-31T14:53:01.544Z,S1A,IW,4416,144,"POLYGON ((53.523178 -20.672829, 53.808887 -21.801558, 56.168175 -21.245504, 55.863686 -20.122572, 53.523178 -20.672829))",ASCENDING,SLC,VV,VH,,,Copernicus,https://catalogue.dataspace.copernicus.eu/download/35dd791a-bfbd-5960-8476-9d3fce3d77a5,ONLINE,4930.654979,False,False
S1A_IW_SLC__1SDV_20150119T145242_20150119T145301_004241_005289_B011.zip,2015-01-19T14:52:42.973Z,2015-01-19T14:53:01.749Z,S1A,IW,4241,144,"POLYGON ((53.523331 -20.672733, 53.809128 -21.80183, 56.168472 -21.245773, 55.863888 -20.122471, 53.523331 -20.672733))",ASCENDING,SLC,VV,VH,,,Copernicus,https://catalogue.dataspace.copernicus.eu/download/ebed3768-410d-545a-afe8-252657f32a48,ONLINE,4930.586292,False,False
S1A_IW_SLC__1SDV_20150107T145243_20150107T145302_004066_004E93_E33C.zip,2015-01-07T14:52:43.263Z,2015-01-07T14:53:02.040Z,S1A,IW,4066,144,"POLYGON ((53.523251 -20.672272, 53.809086 -21.801497, 56.168335 -21.245449, 55.863716 -20.122023, 53.523251 -20.672272))",ASCENDING,SLC,VV,VH,,,Copernicus,https://catalogue.dataspace.copernicus.eu/download/08e10910-60cb-5580-8772-a6f103247e11,ONLINE,4930.582813,False,False
S1A_IW_SLC__1SDV_20141226T145243_20141226T145302_003891_004AA9_5625.zip,2014-12-26T14:52:43.696Z,2014-12-26T14:53:02.474Z,S1A,IW,3891,144,"POLYGON ((53.523033 -20.672031, 53.808876 -21.801247, 56.168274 -21.245134, 55.86364 -20.121716, 53.523033 -20.672031))",ASCENDING,SLC,VV,VH,,,Copernicus,https://catalogue.dataspace.copernicus.eu/download/4ff63cdf-ecb4-5602-8e30-74a4eb7d9243,ONLINE,4930.46814,False,False
S1A_IW_SLC__1SDV_20141214T145244_20141214T145303_003716_0046AD_FD35.zip,2014-12-14T14:52:44.310Z,2014-12-14T14:53:03.090Z,S1A,IW,3716,144,"POLYGON ((53.522678 -20.672466, 53.808567 -21.801802, 56.167992 -21.245667, 55.863316 -20.122128, 53.522678 -20.672466))",ASCENDING,SLC,VV,VH,,,Copernicus,https://catalogue.dataspace.copernicus.eu/download/c111e0c3-66c6-501a-9a8a-449dc30e6ed4,ONLINE,4930.529911,False,False
S1A_IW_SLC__1SDV_20141202T145244_20141202T145303_003541_0042B3_99E3.zip,2014-12-02T14:52:44.605Z,2014-12-02T14:53:03.387Z,S1A,IW,3541,144,"POLYGON ((53.522942 -20.671564, 53.808838 -21.801029, 56.168163 -21.244955, 55.863476 -20.12129, 53.522942 -20.671564))",ASCENDING,SLC,VV,VH,,,Copernicus,https://catalogue.dataspace.copernicus.eu/download/631cde0b-72cd-58f8-8d82-ad2498ad6c9d,ONLINE,4930.285044,False,False
S1A_IW_SLC__1SDV_20141108T145245_20141108T145303_003191_003ACD_FAC7.zip,2014-11-08T14:52:45.148Z,2014-11-08T14:53:03.927Z,S1A,IW,3191,144,"POLYGON ((53.522842 -20.672432, 53.808697 -21.801771, 56.168163 -21.245678, 55.863514 -20.122137, 53.522842 -20.672432))",ASCENDING,SLC,VV,VH,,,Copernicus,https://catalogue.dataspace.copernicus.eu/download/20fa79c9-8c1e-5597-8775-279d8f8a2d82,ONLINE,4930.629978,False,False
S1A_IW_SLC__1SDV_20141027T145245_20141027T145304_003016_003704_050D.zip,2014-10-27T14:52:45.383Z,2014-10-27T14:53:04.167Z,S1A,IW,3016,144,"POLYGON ((53.5224 -20.672766, 53.808323 -21.802345, 56.167912 -21.24622, 55.863194 -20.122438, 53.5224 -20.672766))",ASCENDING,SLC,VV,VH,,,Copernicus,https://catalogue.dataspace.copernicus.eu/download/5b738b7c-3701-5b31-96aa-784e070c5fde,ONLINE,4930.752518,False,False
S1A_IW_SLC__1SDV_20141015T145245_20141015T145304_002841_003347_794F.zip,2014-10-15T14:52:45.396Z,2014-10-15T14:53:04.178Z,S1A,IW,2841,144,"POLYGON ((53.522953 -20.671518, 53.808868 -21.80097, 56.168419 -21.244806, 55.863712 -20.121153, 53.522953 -20.671518))",ASCENDING,SLC,VV,VH,,,Copernicus,https://catalogue.dataspace.copernicus.eu/download/42c1518c-cdcb-5e57-9d29-dc16e9f698b3,ONLINE,4930.449789,False,False
